Date,Close,High,Low,Open,Volume
1/2/2020,6283.581055,6317.013184,6263.675781,6313.12793,33043700
1/3/2020,6323.46582,6323.46582,6287.706055,6306.187012,44625300
1/6/2020,6257.402832,6300.436035,6252.634766,6293.499023,41421300
1/7/2020,6279.346191,6284.89209,6246.128906,6272.220215,39441600
1/8/2020,6225.686035,6250.12207,6218.129883,6248.442871,44622600
1/9/2020,6274.493164,6274.493164,6238.98291,6248.661133,41868400
1/10/2020,6274.940918,6295.370117,6271.97998,6287.166992,52213500
1/13/2020,6296.566895,6297.775879,6269.480957,6287.912109,44003800
1/14/2020,6325.405762,6325.405762,6298.60791,6308.890137,44467400
1/15/2020,6283.365234,6348.525879,6255.498047,6326.166016,51089200
1/16/2020,6286.047852,6299.541016,6255.493164,6275.956055,42118300
1/17/2020,6291.657227,6301.484863,6266.932129,6293.782227,37597900
1/20/2020,6245.042969,6312.98877,6240.189941,6310.500977,38818200
1/21/2020,6238.152832,6257.884766,6226.063965,6251.99707,41929600
1/22/2020,6233.453125,6265.51416,6223.189941,6241.575195,51077800
1/23/2020,6249.209961,6255.042969,6229.130859,6243.998047,41256500
1/24/2020,6244.108887,6258.851074,6234.825195,6242.834961,38828900
1/27/2020,6133.208008,6242.176758,6130.928223,6240.817871,43723000
1/28/2020,6111.184082,6111.184082,6111.184082,6111.184082,0
1/29/2020,6113.044922,6152.588867,6102.795898,6123.095215,34605300
1/30/2020,6057.596191,6057.596191,6057.596191,6057.596191,0
1/31/2020,5940.047852,6078.930176,5937.021973,6076.458984,41508700
2/3/2020,5884.169922,5942.782227,5877.201172,5920.967773,34951000
2/4/2020,5922.338867,5952.946777,5911.375,5947.506836,36217700
2/5/2020,5978.509766,5978.509766,5924.374023,5955.519043,39786600
2/6/2020,5987.14502,6013.699219,5969.484863,6002.919922,39909700
2/7/2020,5999.606934,6004.812012,5981.644043,5988.058105,35281700
2/10/2020,5952.083008,5996.46582,5937.380859,5993.376953,34305400
2/11/2020,5954.396973,5975.160156,5946.220215,5974,33700000
2/12/2020,5913.081055,5962.347168,5895.724121,5957.060059,29256800
2/13/2020,5871.954102,5929.499023,5860.254883,5921.912109,33248200
2/14/2020,5866.944824,5890.028809,5843.432129,5857.721191,27655200
2/17/2020,5867.522949,5878.463867,5853.598145,5863.914063,28723300
2/18/2020,5886.961914,5907.13916,5855.924805,5856.880859,34641400
2/19/2020,5928.791016,5928.791016,5898.701172,5898.899902,34517800
2/20/2020,5942.486816,5960.712891,5929.14502,5941.450195,37350100
2/21/2020,5882.254883,5944.205078,5873.731934,5940.785156,36665400
2/24/2020,5807.049805,5863.124023,5787.919922,5846.145996,40039600
2/25/2020,5787.138184,5814.679199,5752.334961,5784.736816,39502600
2/26/2020,5688.920898,5757.740234,5688.920898,5757.166992,39521300
2/27/2020,5535.693848,5684.286133,5526.816895,5680.437012,41308700
2/28/2020,5452.704102,5456.275879,5288.370117,5436.171875,49636800
3/2/2020,5361.246094,5491.134766,5354.620117,5455.045898,40235000
3/3/2020,5518.62793,5545.773926,5431.295898,5431.295898,42974300
3/4/2020,5650.13623,5651.85498,5516.805176,5524.094238,45255400
3/5/2020,5638.129883,5715.940918,5613.719238,5688.778809,40684000
3/6/2020,5498.540039,5577.801758,5498.540039,5575.565918,32430900
3/9/2020,5136.809082,5364.604004,5133.150879,5364.604004,42737600
3/10/2020,5220.826172,5278.422852,5149.452148,5149.493164,44495700
3/11/2020,5154.10498,5264.47998,5112.318848,5231.608887,46650100
3/12/2020,4895.748047,5040.987793,4895.748047,5040.964844,36992900
3/13/2020,4907.570801,4937.993164,4639.914063,4895.748047,46288600
3/16/2020,4690.657227,4907.570801,4677.75,4907.570801,30471900
3/17/2020,4456.749023,4698.043945,4447.956055,4690.657227,30662200
3/18/2020,4330.673828,4473.824219,4284.674805,4456.749023,38642900
3/19/2020,4105.421875,4330.673828,4093.714111,4330.673828,26383700
3/20/2020,4194.943848,4238.263184,3918.340088,4105.421875,63008300
3/23/2020,3989.51709,4194.943848,3975.190918,4194.943848,32514300
3/24/2020,3937.63208,4123.562012,3911.716064,3989.51709,45744100
3/26/2020,4338.903809,4370.660156,3935.914063,3937.63208,81100100
3/27/2020,4545.570801,4697.666016,4338.903809,4338.903809,77851100
3/30/2020,4414.5,4545.570801,4317.713867,4545.570801,27552200
3/31/2020,4538.930176,4569.473145,4414.5,4414.5,43426600
4/1/2020,4466.037109,4627.417969,4445.138184,4538.930176,41848000
4/2/2020,4531.685059,4531.685059,4393.668945,4466.037109,46011500
4/3/2020,4623.429199,4623.429199,4531.685059,4531.685059,58684300
4/6/2020,4811.827148,4811.827148,4623.429199,4623.429199,70452900
4/7/2020,4778.63916,4975.536133,4721.721191,4811.827148,86224800
4/8/2020,4626.694824,4780.214844,4583.900879,4778.63916,45557700
4/9/2020,4649.079102,4669.709961,4562.901855,4626.694824,53523100
4/13/2020,4623.894043,4659.029785,4591.728027,4649.079102,45586600
4/14/2020,4706.491211,4706.491211,4623.894043,4623.894043,55226400
4/15/2020,4625.904785,4747.725098,4605.054199,4706.491211,63059600
4/16/2020,4480.606934,4480.606934,4480.606934,4480.606934,0
4/17/2020,4634.820801,4637.242188,4480.606934,4480.606934,54547300
4/20/2020,4575.904785,4669.541992,4573.773926,4634.820801,52113500
4/21/2020,4501.918945,4575.904785,4482.63916,4575.904785,42328500
4/22/2020,4567.562012,4580.680176,4441.089844,4501.918945,48368900
4/23/2020,4593.554199,4629.025879,4567.562012,4567.562012,49463700
4/24/2020,4496.063965,4593.830078,4496.063965,4593.554199,46122600
4/27/2020,4513.141113,4541.312012,4474.893066,4496.063965,36774700
4/28/2020,4529.554199,4532.378906,4494.470215,4513.141113,45440500
4/29/2020,4567.323242,4568.665039,4523.955078,4529.554199,41461800
4/30/2020,4716.402832,4726.773926,4567.323242,4567.323242,60229700
5/4/2020,4605.486816,4716.402832,4576.228027,4716.402832,39084200
5/5/2020,4630.132813,4667.786133,4605.486816,4605.486816,47829500
5/6/2020,4608.790039,4647.524902,4597.750977,4630.132813,45079300
5/8/2020,4597.430176,4630.588867,4586.73877,4608.790039,47798700
5/11/2020,4639.10498,4659.861816,4597.430176,4597.430176,45461000
5/12/2020,4588.733887,4644.134766,4552.387207,4639.10498,46906900
5/13/2020,4554.358887,4588.733887,4519.978027,4588.733887,45092300
5/14/2020,4513.833984,4564.149902,4494.153809,4554.358887,47342600
5/15/2020,4507.606934,4540.420898,4460.272949,4513.833984,46257200
5/18/2020,4511.058105,4527.967773,4487.179199,4507.606934,45156900
5/19/2020,4548.655762,4609.041992,4511.058105,4511.058105,51665300
5/20/2020,4545.952148,4561.554199,4521.470215,4548.655762,42464800
5/26/2020,4626.798828,4634.652832,4541.833984,4545.952148,53757500
5/27/2020,4641.555176,4641.555176,4597.37207,4626.798828,60985400
5/28/2020,4716.185059,4741.603027,4638.808105,4641.555176,68549600
5/29/2020,4753.611816,4755.957031,4704.788086,4716.185059,104791300
6/2/2020,4847.506836,4884.01123,4753.611816,4753.611816,73135500
6/3/2020,4941.005859,4960.070801,4847.506836,4847.506836,101631500
6/4/2020,4916.704102,5014.76416,4899.390137,4941.005859,110933800
6/5/2020,4947.782227,4948.512207,4851.148926,4916.704102,86864800
6/8/2020,5070.561035,5103.085938,4947.782227,4947.782227,138169200
6/9/2020,5035.055176,5139.405762,5023.76709,5070.561035,115140600
6/10/2020,4920.682129,5036.855957,4892.817871,5035.055176,84234700
6/11/2020,4854.753906,4931.242188,4812.192871,4920.682129,71655200
6/12/2020,4880.358887,4880.358887,4712.073242,4854.753906,80885000
6/15/2020,4816.335938,4918.056152,4809.619141,4880.358887,64138400
6/16/2020,4986.458008,4989.526855,4816.335938,4816.335938,75836700
6/17/2020,4987.775879,5018.984863,4968.925781,4986.458008,68366200
6/18/2020,4925.248047,4993.61377,4925.248047,4987.775879,70877500
6/19/2020,4942.274902,4970.066895,4925.248047,4925.248047,57556700
6/22/2020,4918.831055,4957.666016,4904.766113,4942.274902,47869800
6/23/2020,4879.132813,4938.394043,4879.132813,4918.831055,54884300
6/24/2020,4964.734863,4977.650879,4879.132813,4879.132813,62466500
6/25/2020,4896.72998,4964.734863,4883.709961,4964.734863,50705900
6/26/2020,4904.087891,4941.138184,4882.141113,4896.72998,44280300
6/29/2020,4901.817871,4909.905762,4862.041016,4904.087891,44174500
6/30/2020,4905.39209,4939.839844,4894.120117,4901.817871,51279100
7/1/2020,4914.388184,4928.611816,4885.602051,4905.39209,43243400
7/2/2020,4966.779785,4966.779785,4914.388184,4914.388184,55396200
7/3/2020,4973.793945,4997.481934,4964.10791,4966.779785,55723400
7/6/2020,4988.866211,5009.345215,4973.490234,4973.793945,64282100
7/7/2020,4987.082031,5011.712891,4982.333984,4988.866211,72834600
7/8/2020,5076.173828,5080.251953,4985.01709,4987.082031,73499000
7/9/2020,5052.793945,5111.563965,5041.930176,5076.173828,79794300
7/10/2020,5031.255859,5076.520996,5022.169922,5052.793945,67684500
7/13/2020,5064.446777,5075.098145,5024.934082,5031.255859,65331900
7/14/2020,5079.12207,5079.12207,5053.722168,5064.446777,71530500
7/15/2020,5075.797852,5116.463867,5069.380859,5079.12207,82580500
7/16/2020,5098.374023,5107.259766,5075.797852,5075.797852,68710400
7/17/2020,5079.584961,5110.430176,5073.557129,5098.374023,61709100
7/20/2020,5051.105957,5100.191895,5031.888184,5079.584961,68632100
7/21/2020,5114.708984,5135.559082,5047.085938,5051.105957,83156800
7/22/2020,5110.187012,5142.043945,5099.566895,5114.708984,79454100
7/23/2020,5145.009766,5162.97998,5110.220215,5110.220215,98800000
7/24/2020,5082.991211,5149.589844,5074.492188,5145.01123,97013800
7/27/2020,5116.666016,5116.666016,5080.121094,5082.991211,103523300
7/28/2020,5112.98877,5143.286133,5097.418945,5116.666016,91890400
7/29/2020,5149.629883,5149.629883,5091.399902,5111.109863,80750000
7/30/2020,5149.626953,5149.626953,5091.399902,5111.112793,80749900
8/3/2020,5006.223145,5157.272949,4928.467773,5149.626953,83815200
8/4/2020,5075.001953,5075.001953,5006.223145,5006.223145,73766600
8/5/2020,5127.050781,5127.050781,5059.088867,5075.001953,84611300
8/6/2020,5178.271973,5187.963867,5127.050781,5127.050781,90452400
8/7/2020,5143.893066,5187.374023,5119.683105,5178.271973,91282400
8/10/2020,5157.833984,5157.833984,5157.833984,5157.833984,0
8/11/2020,5190.169922,5201.450195,5157.930176,5157.930176,88400000
8/12/2020,5233.452148,5235.52002,5178.458984,5190.166016,96807400
8/13/2020,5239.25,5279.349121,5218.413086,5233.452148,84601700
8/14/2020,5247.689941,5255.374023,5221.919922,5239.25,70397600
8/18/2020,5295.173828,5316.132813,5243.995117,5247.689941,95642400
8/19/2020,5272.810059,5327.315918,5268.506836,5295.173828,92676400
8/24/2020,5277.041016,5294.153809,5261.408203,5272.810059,138410800
8/25/2020,5338.888184,5341.376953,5276.957031,5277.041016,146510200
8/26/2020,5340.328125,5351.471191,5324.612793,5338.888184,137729200
8/27/2020,5371.472168,5371.472168,5325.487793,5340.328125,134549700
8/28/2020,5346.65918,5381.948242,5325.60498,5371.472168,107955900
8/31/2020,5238.486816,5369.446777,5233.143066,5346.65918,124088000
9/1/2020,5310.679199,5310.679199,5219.208008,5238.486816,90465800
9/2/2020,5311.970215,5337.099121,5295.276855,5310.679199,121613800
9/3/2020,5280.812988,5331.167969,5242.171875,5311.970215,136923000
9/4/2020,5239.851074,5280.812988,5188.608887,5280.812988,95095800
9/7/2020,5230.195801,5245.349121,5195.865234,5235.009766,80111600
9/8/2020,5244.071777,5256.305176,5232.917969,5232.917969,103353200
9/9/2020,5149.375977,5216.02002,5135.812012,5214.032227,101220300
9/10/2020,4891.460938,5084.483887,4878.279785,5084.326172,82384700
9/11/2020,5016.711914,5016.711914,4754.798828,4804.644043,125812400
9/14/2020,5161.828125,5161.828125,5059.26709,5060.023926,109865600
9/15/2020,5100.865234,5187.278809,5091.293945,5169.245117,113645500
9/16/2020,5058.481934,5117.287109,5051.753906,5108.12793,88769100
9/17/2020,5038.400879,5099.577148,5013.186035,5058.950195,85305000
9/18/2020,5059.223145,5072.680176,5023.443848,5037.369141,105751600
9/21/2020,4999.359863,5075.818848,4987.748047,5058.990234,106452100
9/22/2020,4934.092773,4978.440918,4919.109863,4947.730957,74792200
9/23/2020,4917.955078,4984.23877,4873.020996,4946.50293,70609200
9/24/2020,4842.755859,4897.336914,4820.331055,4876.351074,65673400
9/25/2020,4945.791016,4949.303223,4848.024902,4867.962891,88843900
9/28/2020,4906.547852,4991.762207,4905.51123,4962.953125,83772300
9/29/2020,4879.098145,4950.967773,4859.786133,4929.333008,86481700
9/30/2020,4870.039063,4903.86377,4841.361816,4896.432129,85378000
10/1/2020,4970.094238,4970.094238,4898.99707,4899.644043,96362100
10/2/2020,4926.733887,4972.823242,4881.913086,4969.245117,88815300
10/5/2020,4958.769043,4962.792969,4915.685059,4947.040039,70868100
10/6/2020,4999.221191,5023.894043,4992.481934,5004.395996,108547800
10/7/2020,5004.327148,5014.609863,4962.089844,4976.567871,92870700
10/8/2020,5039.14209,5039.14209,5001.519043,5018.736816,80288700
10/9/2020,5053.663086,5057.835938,5029.151855,5036.476074,69016600
10/12/2020,5093.099121,5103.50293,5078.128906,5078.128906,91642100
10/13/2020,5132.571777,5132.958984,5064.170898,5093.421875,110621000
10/14/2020,5176.099121,5177.924805,5125.044922,5134.662109,119876700
10/15/2020,5105.149902,5182.530762,5105.149902,5172.59082,110523700
10/16/2020,5103.414063,5115.558105,5067.588867,5111.434082,92480400
10/19/2020,5126.330078,5128.651855,5090.776855,5116.757813,111112200
10/20/2020,5099.839844,5135.078125,5080.956055,5120.913086,88592600
10/21/2020,5096.445801,5131.506836,5083.660156,5116.790039,104786700
10/22/2020,5091.815918,5093.825195,5063.696777,5084.790039,122922500
10/23/2020,5112.187988,5121.02002,5095.506836,5112.787109,95498300
10/26/2020,5144.048828,5158.265137,5113.022949,5113.148926,103314100
10/27/2020,5128.225098,5155.565918,5110.618164,5133.537109,107122400
11/2/2020,5115.12793,5130.686035,5073.5,5108.028809,97646200
11/3/2020,5159.452148,5162.347168,5131.949219,5133.981934,101351100
11/4/2020,5105.199219,5188.008789,5105.199219,5170.823242,103974300
11/5/2020,5260.326172,5260.326172,5161.390137,5161.390137,108832000
11/6/2020,5335.528809,5335.528809,5246.701172,5276.164063,104732100
11/9/2020,5356.004883,5395.711914,5319.419922,5371.971191,121516500
11/10/2020,5462.73877,5469.183105,5412.594238,5424.731934,149596500
11/11/2020,5509.513184,5520.908203,5471.591797,5475.564941,165238700
11/12/2020,5458.602051,5500.416016,5449.796875,5494.484863,119777900
11/13/2020,5461.058105,5466.563965,5427.631836,5449.101074,113428800
11/16/2020,5494.87207,5519.679199,5462.459961,5500.03418,119907500
11/17/2020,5529.939941,5562.537109,5515.519043,5516.580078,146811400
11/18/2020,5557.518066,5574.728027,5530.875977,5530.875977,140753000
11/19/2020,5594.059082,5598.523926,5541.313965,5541.421875,166665200
11/20/2020,5571.655762,5628.441895,5563.654785,5602.783203,215797300
11/23/2020,5652.76416,5652.76416,5583.330078,5583.330078,189943100
11/24/2020,5701.028809,5710.380859,5667.368164,5677.299805,240469400
11/25/2020,5679.24707,5770.661133,5666.76416,5735.13623,325423300
11/26/2020,5759.916016,5759.916016,5669.664063,5669.664063,248292500
11/27/2020,5783.334961,5795.835938,5745.884766,5773.555176,251434900
11/30/2020,5612.415039,5798.291992,5563.861816,5779.670898,319900500
12/1/2020,5724.742188,5736.318848,5594.277832,5637.894043,209477700
12/2/2020,5813.986816,5813.986816,5734.26123,5755.175781,219110200
12/3/2020,5822.941895,5853.155762,5797.013184,5833.323242,238397400
12/4/2020,5810.48291,5823.324219,5775.569824,5820.819824,173857900
12/7/2020,5930.758789,5941.352051,5854.303223,5854.303223,226790300
12/8/2020,5944.40918,5961.778809,5911.098145,5947.658203,294205100
12/10/2020,5933.698242,6004.422852,5911.914063,5976.999023,264587600
12/11/2020,5938.329102,5976.568848,5924.371094,5946.358887,217654500
12/14/2020,6012.516113,6013.951172,5959.274902,5959.274902,226876100
12/15/2020,6010.12793,6023.214844,5965.805176,6013.51123,194411200
12/16/2020,6118.401855,6123.953125,6046.866211,6046.866211,291042900
12/17/2020,6113.381836,6160.977051,6075.832031,6133.096191,321737000
12/18/2020,6104.324219,6142.85791,6091.397949,6106.250977,257981400
12/21/2020,6165.624023,6195.153809,6119.917969,6131.623047,238612700
12/22/2020,6023.289063,6174.458984,6010.210938,6146.645996,250085200
12/23/2020,6008.708984,6104.35498,5853.26123,6061.848145,203528500
12/28/2020,6093.554199,6095.007813,5979.904785,6067,180855700
12/29/2020,6036.173828,6143.870117,6026.705078,6112.720215,175135000
12/30/2020,5979.073242,6055.970215,5962.009766,6052.121094,170039300
1/4/2021,6104.897949,6104.897949,5929.047852,5997.830078,183917000
1/5/2021,6137.342773,6145.612793,6073.416016,6105.793945,174687000
1/6/2021,6065.682129,6166.628906,5987.785156,6139.137207,199163800
1/7/2021,6153.632813,6158.037109,6090.36084,6091.716797,227517900
1/8/2021,6257.834961,6275.742188,6190.101074,6190.948242,221751300
1/11/2021,6382.937012,6382.937012,6278.374023,6278.413086,297901100
1/12/2021,6395.668945,6435.959961,6353.307129,6393.902832,279603400
1/13/2021,6435.205078,6464.350098,6393.898926,6439.934082,343008100
1/14/2021,6428.314941,6465.532227,6407.569824,6445.900879,344812000
1/15/2021,6373.412109,6472.312012,6341.250977,6447.984863,262275900
1/18/2021,6389.833984,6428.314941,6316.875,6365.025879,337569400
1/19/2021,6321.855957,6434.842773,6288.978027,6421.86084,223716900
1/20/2021,6429.757813,6440.796875,6299.39209,6334.512207,190944100
1/21/2021,6413.89209,6504.992188,6399.666016,6476.094238,171080400
1/22/2021,6307.126953,6428.49707,6283.312988,6419.573242,157918500
1/25/2021,6258.571777,6322.727051,6148.307129,6322.519043,154806200
1/26/2021,6140.170898,6269.665039,6123.008789,6252.713867,172159800
1/27/2021,6109.167969,6154.60498,5998.898926,6153.078125,181402600
1/28/2021,5979.387207,6123.460938,5957.551758,6065.788086,157336200
1/29/2021,5862.352051,6068.12793,5825.291992,6010.342773,147664800
2/1/2021,6067.544922,6070.734863,5735.469238,5856.776855,208886800
2/2/2021,6043.84082,6157.249023,6018.094238,6119.01123,227307800
2/3/2021,6077.745117,6137.681152,6047.412109,6096.583984,153874400
2/4/2021,6107.21582,6179.368164,6069.549805,6111.757813,148241900
2/5/2021,6151.729004,6151.729004,6090.980957,6136.393066,134669100
2/8/2021,6208.866211,6224.414063,6180.731934,6193.550781,161586900
2/9/2021,6181.671875,6286.291016,6157.134766,6232.102051,175273400
2/10/2021,6201.828125,6216.938965,6168.013184,6198.032227,122608700
2/11/2021,6222.520996,6232.850098,6194.009766,6221.633789,104014000
2/15/2021,6270.324219,6283.415039,6244.384766,6244.384766,123956100
2/16/2021,6292.395996,6308.811035,6274.353027,6291.007813,144173700
2/17/2021,6227.728027,6314.555176,6209.314941,6292.970215,169907100
2/18/2021,6200.308105,6281.35791,6200.308105,6230.356934,167455200
2/19/2021,6231.932129,6231.932129,6173.594238,6196.898926,133625600
2/22/2021,6255.312012,6312.873047,6255.312012,6267.024902,145005700
2/23/2021,6272.807129,6279.143066,6241.951172,6267.454102,126272800
2/24/2021,6251.054199,6294.140137,6223.648926,6283.794922,152221800
2/25/2021,6289.645996,6309.757813,6274.49707,6280.727051,237490100
2/26/2021,6241.795898,6302.394043,6184.51709,6246.316895,219493200
3/1/2021,6338.513184,6339.008789,6261.559082,6281.856934,173079500
3/2/2021,6359.205078,6388.121094,6329.498047,6367.438965,180676700
3/3/2021,6376.756836,6394.452148,6334.244141,6378.797852,242358700
3/4/2021,6290.798828,6369.411133,6270.10791,6355.375977,238207200
3/5/2021,6258.749023,6307.683105,6245.308105,6263.043945,153557700
3/8/2021,6248.464844,6325.515137,6239.049805,6304,155718400
3/9/2021,6199.646973,6267.423828,6167.717773,6258.669922,188106700
3/10/2021,6264.679199,6276.158203,6225.455078,6233.616211,121957600
3/12/2021,6358.208984,6364.356934,6298.522949,6316.880859,186241800
3/15/2021,6324.258789,6387.73584,6324.258789,6374.762207,137895500
3/16/2021,6309.699219,6355.411133,6296.896973,6347.188965,155061500
3/17/2021,6277.228027,6321.336914,6268.838867,6318.068848,138044900
3/18/2021,6347.829102,6358.425781,6307,6309.575195,149718200
3/19/2021,6356.160156,6356.160156,6307.101074,6346.008789,162089200
3/22/2021,6301.130859,6354.938965,6290.021973,6346.794922,128638500
3/23/2021,6252.711914,6342.129883,6245.991211,6331.698242,173805000
3/24/2021,6156.140137,6239.546875,6143.380859,6231.712891,138290000
3/25/2021,6122.875977,6176.426758,6058.842773,6159.619141,147353000
3/26/2021,6195.562012,6195.562012,6106.078125,6141.605957,124284100
3/29/2021,6166.817871,6230.990234,6165.553223,6205.568848,114609800
3/30/2021,6071.441895,6170.668945,6046.467773,6163.721191,118686600
3/31/2021,5985.521973,6066.836914,5892.64502,6062.950195,123071400
4/1/2021,6011.456055,6020.164063,5960.816895,5988.022949,106367400
4/5/2021,5970.286133,6051.621094,5964.483887,6040.055176,122053600
4/6/2021,6002.77002,6008.504883,5944.420898,5973.986816,126386100
4/7/2021,6036.616211,6040.456055,5982.066895,6011.958008,141523800
4/8/2021,6071.724121,6073.914063,6030.286133,6035.037109,169546400
4/9/2021,6070.208984,6113.155762,6070.208984,6101.723145,161275600
4/12/2021,5948.568848,6088.828125,5942.713867,6080.791992,130244200
4/13/2021,5927.435059,5957.611816,5883.523926,5944.525879,107375400
4/14/2021,6050.275879,6050.275879,5962.316895,5964.029785,141883200
4/15/2021,6079.500977,6079.500977,6029.153809,6057.61084,132167700
4/16/2021,6086.257813,6115.620117,6062.921875,6102.37793,158024500
4/19/2021,6052.540039,6096.995117,6031.832031,6084.785156,159845500
4/20/2021,6038.321777,6045.693848,5997.948242,6029.992188,106712400
4/21/2021,5993.242188,6025.5,5989.983887,6010.268066,117327800
4/22/2021,5994.184082,6024.937988,5980.455078,6004.793945,139778300
4/23/2021,6016.86377,6027.059082,5973.24707,6000.912109,151530300
4/26/2021,5964.820801,6027.75293,5955.618164,6018.339844,122797700
4/27/2021,5959.621094,6003.917969,5950.868164,5986.996094,122928600
4/28/2021,5974.479004,5981.895996,5953.942871,5959.951172,127681000
4/29/2021,6012.960938,6019.024902,5987.743164,6005.798828,130962400
4/30/2021,5995.616211,6033.899902,5985.021973,6026.527832,136841700
5/3/2021,5952.597168,6004.007813,5938.875977,5999.661133,152015700
5/4/2021,5963.819824,5974.682129,5932.317871,5955.39502,141538100
5/5/2021,5975.911133,5992.932129,5971.309082,5974.560059,131241100
5/6/2021,5970.240234,6005.087891,5950.899902,5987.065918,120448300
5/7/2021,5928.309082,5994.330078,5922.493164,5987.330078,121835200
5/10/2021,5975.787109,5985.37207,5941.926758,5942.105957,120144700
5/11/2021,5938.351074,5966.664063,5911.375977,5965.852051,120811100
5/17/2021,5833.859863,5958.792969,5817.707031,5950.137207,150604900
5/18/2021,5834.394043,5855.666992,5782.776855,5836.083984,160329900
5/19/2021,5760.583984,5828.210938,5752.256836,5817.13623,138298600
5/20/2021,5797.597168,5814.779785,5751.34082,5759.629883,114025600
5/21/2021,5773.120117,5838.229004,5742.038086,5824.109863,133703000
5/24/2021,5763.631836,5805.152832,5759.339844,5793.066895,141371900
5/25/2021,5815.839844,5848.554199,5769.287109,5772.937012,144613700
5/27/2021,5841.828125,5904.837891,5841.828125,5850.501953,211859200
5/28/2021,5848.616211,5891.472168,5833.342773,5875.270996,181542500
5/31/2021,5947.462891,5947.462891,5860.536133,5869.217773,169049900
6/2/2021,6031.578125,6031.578125,5991.506836,6002.480957,178537100
6/3/2021,6091.513184,6091.513184,6005.63623,6038.856934,181262300
6/4/2021,6065.166016,6103.858887,6043.856934,6091.129883,158659400
6/7/2021,6069.935059,6088,6050.800781,6075.506836,200000700
6/8/2021,5999.369141,6075.88623,5992.118164,6071.25,265159600
6/9/2021,6047.475098,6047.475098,5972.449219,5973.036133,239289300
6/10/2021,6107.538086,6111.445801,6064.933105,6065.925781,215823100
6/11/2021,6095.49707,6134.881836,6084.23877,6118.379883,196526600
6/14/2021,6080.383789,6124.87207,6071.725098,6110.796875,196186700
6/15/2021,6089.038086,6091.367188,6051.245117,6085.36084,163564500
6/16/2021,6078.567871,6114.096191,6049.575195,6071.438965,152950200
6/17/2021,6068.446777,6082.291992,6034.827148,6063.537109,205095900
6/18/2021,6007.120117,6070.416016,5944.053223,6065.519043,238006900
6/21/2021,5996.25293,6021.494141,5884.917969,5959.964844,159997500
6/22/2021,6087.841797,6118.861816,6006.665039,6006.665039,151167900
6/23/2021,6034.542969,6130.096191,6034.542969,6095.89502,199578400
6/24/2021,6012.056152,6060.48877,6003.196777,6052.080078,168548200
6/25/2021,6022.398926,6067.791016,6019.404785,6027.220215,172441600
6/28/2021,5939.471191,6030.890137,5939.471191,6015.278809,145849200
6/29/2021,5949.049805,5992.86377,5913.59082,5944.242188,188801800
6/30/2021,5985.48877,6011.256836,5950.423828,5950.433105,203167100
7/1/2021,6005.958008,6039.03418,5969.099121,6001.121094,140966500
7/2/2021,6023.007813,6043.432129,6014.871094,6020.074219,146766100
7/5/2021,6005.608887,6036.979004,5985.354004,6024.165039,131732000
7/6/2021,6047.11084,6054.60791,6013.062012,6015.581055,161021000
7/7/2021,6044.037109,6066.994141,6022.305176,6062.769043,165513600
7/8/2021,6039.895996,6080.222168,6028.60791,6052.804199,159513500
7/9/2021,6039.844238,6060.541016,6026.547852,6037.003906,136425200
7/12/2021,6078.567871,6097.120117,6055.98584,6060.054199,135385400
7/13/2021,6012.032227,6114.286133,6004.821777,6097.229004,172635900
7/14/2021,5979.214844,6013.041992,5947.618164,6008.241211,138499900
7/15/2021,6046.753906,6046.753906,5982.804199,5986.649902,141035200
7/16/2021,6072.509766,6079.13916,6051.757813,6063.421875,129367700
7/19/2021,6017.394043,6063.646973,6015.148926,6062.96582,123010800
7/21/2021,6029.976074,6053.192871,6020.86377,6034.571777,153050600
7/22/2021,6137.546875,6137.546875,6057.541016,6057.541016,178417800
7/23/2021,6101.689941,6166.305176,6090.603027,6145.76123,143269200
7/26/2021,6106.394043,6137.045898,6091.015137,6109.030762,156210200
7/27/2021,6097.048828,6144.584961,6068.512207,6120.929199,179173700
7/28/2021,6088.522949,6116.504883,6074.867188,6094.541016,161217600
7/29/2021,6120.727051,6135.349121,6096.50293,6106.611816,178890400
7/30/2021,6070.039063,6160.462891,6069.839844,6136.368164,193641700
8/2/2021,6096.542969,6112.829102,6048.101074,6098.007813,216299000
8/3/2021,6130.570801,6142.515137,6105.109863,6107.996094,226801300
8/4/2021,6159.035156,6163.814941,6112.720215,6142.475098,271201100
8/5/2021,6205.416992,6218.645996,6173.574219,6174.60791,268332500
8/6/2021,6203.431152,6263.539063,6190.856934,6223.833984,245459900
8/9/2021,6127.456055,6239.015137,6110.546875,6203.74707,293622300
8/10/2021,6088.408203,6147.765137,6042.475098,6139.339844,205029900
8/12/2021,6139.651855,6139.808105,6051.852051,6092.245117,206955800
8/13/2021,6139.492188,6179.895996,6113.263184,6154.051758,163739300
8/16/2021,6087.913086,6147.304199,6056.736816,6144.942871,171745600
8/18/2021,6118.149902,6136.282227,6040.603027,6109.561035,208983000
8/19/2021,5992.321777,6111.012207,5958.043945,6110.549805,214361500
8/20/2021,6030.771973,6030.771973,5938.407227,5988.757813,200995800
8/23/2021,6109.828125,6109.828125,6037.700195,6037.700195,193786700
8/24/2021,6089.49707,6138.49707,6053.573242,6114.666992,238973300
8/25/2021,6113.240234,6131.910156,6093.095215,6094.14502,214295900
8/26/2021,6058.080078,6119.657227,6034.049805,6107.040039,172987800
8/27/2021,6041.366211,6066.491211,6021.954102,6052.827148,156989800
8/30/2021,6144.901855,6144.901855,6062.112793,6062.112793,159300800
8/31/2021,6150.298828,6158.069824,6117.50293,6148.768066,189133300
9/1/2021,6090.933105,6169.056152,6089.23291,6157.820801,194563800
9/2/2021,6078.229004,6110.049805,6054.280762,6092.650879,179403300
9/3/2021,6126.920898,6126.920898,6056.186035,6085.62793,171489500
9/6/2021,6126.937988,6150.35791,6100.931152,6137.125977,173887900
9/7/2021,6112.399902,6145.48877,6100.943848,6135.870117,180693200
9/8/2021,6026.02002,6123.755859,6001.579102,6114.477051,196394300
9/9/2021,6068.219238,6072.643066,5982.766113,6024.316895,214651900
9/10/2021,6094.873047,6102.831055,6047.608887,6059.154785,192886100
9/13/2021,6088.157227,6094.987793,6052.970215,6080.062012,158870000
9/14/2021,6129.095215,6130.862793,6099.158203,6100.628906,201683300
9/15/2021,6110.229004,6125.333984,6100.003906,6123.910156,188698800
9/16/2021,6109.941895,6137.668945,6098.876953,6126.555176,218872800
9/17/2021,6133.246094,6133.246094,6086.083984,6098.87793,224719500
9/20/2021,6076.314941,6133.170898,6053.932129,6132.03418,176619400
9/21/2021,6060.756836,6068.792969,5996.407227,6049.792969,179600700
9/22/2021,6108.265137,6123.741211,6059.62793,6060.305176,184349300
9/23/2021,6142.711914,6148.146973,6117.576172,6117.643066,213294700
9/24/2021,6144.814941,6163.883789,6119.137207,6142.287109,196295300
9/27/2021,6122.495117,6163.279785,6109.666016,6141.470215,206632900
9/28/2021,6113.111816,6137.954102,6097.722168,6128.058105,272570100
9/29/2021,6162.554199,6162.554199,6086.263184,6100.826172,230726900
9/30/2021,6286.942871,6286.942871,6174.182129,6175.416016,202745700
10/1/2021,6228.845215,6272.064941,6202.905762,6269.237793,190252600
10/4/2021,6342.686035,6342.686035,6234.798828,6234.798828,257881700
10/5/2021,6288.048828,6361.453125,6277.700195,6337.326172,268318400
10/6/2021,6417.323242,6441.503906,6307.108887,6313.652832,231440600
10/7/2021,6416.395996,6458.638184,6392.727051,6414.912109,183232100
10/8/2021,6481.769043,6497.655762,6436.51709,6440,231302300
10/11/2021,6459.696777,6506.091797,6451.678223,6482.957031,204779900
10/12/2021,6486.26709,6504.013184,6460.086914,6462.314941,204607300
10/13/2021,6536.903809,6600.518066,6492.655762,6502.157227,193450700
10/14/2021,6626.11377,6637.399902,6552.210938,6552.210938,178191500
10/15/2021,6633.337891,6680.008789,6573.342773,6645.259766,160148800
10/18/2021,6658.768066,6684.818848,6620.845215,6649.280762,188565300
10/19/2021,6655.998047,6677.597168,6613.88916,6665.719238,188504800
10/21/2021,6632.972168,6687.133789,6602.065918,6670.272949,215065000
10/22/2021,6643.737793,6655.442871,6585.557129,6620.65918,165782200
10/25/2021,6625.696777,6673.515137,6625.696777,6626.367188,175632400
10/26/2021,6656.937012,6680.117188,6638.027832,6640.051758,180194900
10/27/2021,6602.208984,6670.809082,6590.504883,6664.373047,182503600
10/28/2021,6524.076172,6600.24707,6509.87793,6578.583008,189347200
10/29/2021,6591.346191,6596.769043,6551.539063,6561.712891,171512200
11/1/2021,6552.88916,6627.851074,6552.88916,6618.12207,182528900
11/2/2021,6493.274902,6573.693848,6480.009766,6557.944824,165299300
11/3/2021,6552.129883,6561.810059,6485.250977,6497.865234,171604200
11/4/2021,6586.442871,6617.861816,6583.169922,6588.188965,155291000
11/5/2021,6581.785156,6608.424805,6550.117188,6600.722168,154117700
11/8/2021,6632.296875,6637.01123,6592.055176,6599.404785,167444200
11/9/2021,6669.924805,6669.924805,6633.208008,6640.221191,192392200
11/10/2021,6683.14502,6683.14502,6651.797852,6665.548828,153422900
11/11/2021,6691.341797,6704.463867,6671.227051,6694.583008,209193300
11/12/2021,6651.054199,6714.158203,6646.315918,6710.853027,198646700
11/15/2021,6616.028809,6675.595215,6610.823242,6661.849121,203267300
11/16/2021,6651.207031,6654.515137,6592.228027,6598.408203,207039500
11/17/2021,6675.804199,6679.304199,6650.494141,6667.861816,217158400
11/18/2021,6636.469238,6669.786133,6621.692871,6653.700195,248016700
11/19/2021,6720.263184,6720.987793,6651.778809,6651.778809,258781800
11/22/2021,6723.38623,6754.463867,6690.817871,6731.515137,218097200
11/23/2021,6677.875977,6732.897949,6662.538086,6716.157227,186336800
11/24/2021,6683.276855,6698.414063,6668.054199,6697.423828,224587000
11/25/2021,6699.346191,6751.001953,6694.796875,6694.957031,215655400
11/26/2021,6561.553223,6691.711914,6544.895996,6688.568848,242523500
11/29/2021,6608.290039,6617.287109,6487.748047,6552.803223,0
11/30/2021,6533.932129,6647.477051,6533.932129,6605.796875,216798600
12/1/2021,6507.676758,6593.074219,6494.49707,6544.51709,195068500
12/2/2021,6583.819824,6586.895996,6484.578125,6517.338867,210837500
12/3/2021,6538.505859,6600.165039,6536.907227,6588.01416,172625500
12/6/2021,6547.116211,6585.263184,6525.984863,6552.815918,180052400
12/7/2021,6602.568848,6608.633789,6573.109863,6575.976074,212352000
12/8/2021,6603.797852,6632.940918,6584.969238,6618.754883,216901600
12/9/2021,6643.932129,6643.932129,6602.876953,6617.132813,240218200
12/10/2021,6652.921875,6652.921875,6605.416016,6618.686035,229170800
12/13/2021,6662.871094,6688.378906,6659.166992,6663.73877,232086300
12/14/2021,6615.637207,6671.312988,6598.694824,6665.382813,187591100
12/15/2021,6626.256836,6662.839844,6610.452148,6615.724121,196016500
12/16/2021,6594.797852,6661.944824,6579.36377,6648.288086,185929900
12/17/2021,6601.932129,6609.044922,6559.303223,6584.887207,210214300
12/20/2021,6547.111816,6579.128906,6533.522949,6571.345215,181341400
12/21/2021,6554.309082,6579.89209,6531.564941,6545.537109,186470700
12/22/2021,6529.592773,6592.166992,6529.592773,6572.535156,187213900
12/23/2021,6555.550781,6570.287109,6531.777832,6537.599121,209975800
12/24/2021,6562.899902,6583.859863,6554.97998,6559.088867,176357600
12/27/2021,6575.443848,6588.425781,6562.554199,6570.558105,179010000
12/28/2021,6598.342773,6615.945801,6586.52002,6588.133789,191799500
12/29/2021,6600.676758,6621.579102,6585.395996,6603.755859,200549500
12/30/2021,6581.481934,6613.728027,6581.481934,6609.442871,192017600
1/3/2022,6665.308105,6677.199219,6586.132813,6586.259766,182552700
1/4/2022,6695.373047,6720.657227,6675.129883,6675.129883,185900100
1/5/2022,6662.298828,6738.109863,6634.838867,6703.171875,179080500
1/6/2022,6653.351074,6679.851074,6593.229004,6674.852051,179990500
1/7/2022,6701.315918,6712.146973,6647.712891,6669.51123,157064700
1/10/2022,6691.124023,6725.023926,6689.282227,6697.375977,159382400
1/11/2022,6647.970215,6727.76709,6636.500977,6705.795898,181053500
1/12/2022,6647.064941,6690.323242,6625.756836,6662.39502,192900600
1/13/2022,6658.355957,6667.940918,6626.338867,6659.973145,180765500
1/14/2022,6693.400879,6699.413086,6631.045898,6653.645996,140467300
1/17/2022,6645.047852,6711.821777,6625.862793,6711.405762,148626000
1/18/2022,6614.059082,6667.404785,6534.27002,6654.958984,172778900
1/19/2022,6591.980957,6615.451172,6575.380859,6609.832031,171354300
1/20/2022,6626.871094,6637.207031,6587.765137,6607.798828,158271000
1/21/2022,6726.373047,6726.373047,6607.417969,6626.348145,154628300
1/24/2022,6655.166016,6712.262207,6645.40918,6700.821777,176239200
1/25/2022,6568.172852,6632.953125,6523.929199,6630.87793,213235100
1/26/2022,6600.818848,6601.336914,6549.520996,6569.817871,226349800
1/27/2022,6611.161133,6627.405762,6570.75,6586.854004,177817500
1/28/2022,6645.51123,6645.51123,6603.491211,6618.717773,192680600
1/31/2022,6631.150879,6669.911133,6626.655762,6656.707031,182548300
2/2/2022,6707.651855,6716.597168,6650.303223,6657.791992,214830000
2/3/2022,6683.851074,6730.598145,6648.078125,6724.398926,202406000
2/4/2022,6731.391113,6731.391113,6685.403809,6697.942871,177332600
2/7/2022,6804.937012,6806.72998,6748.90918,6751.349121,225856300
2/8/2022,6789.521973,6860.75,6780.416992,6813.184082,255862800
2/9/2022,6834.605957,6840.394043,6796.632813,6811.753906,253458500
2/10/2022,6823.64209,6874.351074,6814.210938,6859.333984,279507200
2/11/2022,6815.606934,6825.062012,6773.537109,6813.60791,223574800
2/14/2022,6734.48584,6796.711914,6698.508789,6791.315918,202907800
2/15/2022,6807.49707,6807.49707,6727.358887,6746.358887,210390400
2/16/2022,6850.198242,6857.649902,6821.158203,6821.925781,216253600
2/17/2022,6835.117188,6859.706055,6790.59082,6836.183105,229539500
2/18/2022,6892.817871,6899.410156,6812.355957,6837.519043,233754300
2/21/2022,6902.964844,6927.90918,6886.132813,6896.751953,231576400
2/22/2022,6861.994141,6903.996094,6823.944824,6879.818848,196218500
2/23/2022,6920.056152,6920.056152,6873.813965,6878.625,204842700
2/24/2022,6817.819824,6929.911133,6758.86084,6912.477051,282680700
2/25/2022,6888.170898,6904.910156,6822.244141,6825.371094,211896500
3/1/2022,6921.440918,6996.935059,6915.976074,6964.696777,196006400
3/2/2022,6868.401855,6973.35791,6861.958984,6956.618164,325795100
3/4/2022,6928.328125,6936.98877,6895.730957,6921.315918,247492300
3/7/2022,6869.065918,6917.933105,6843.812012,6905.324219,261271800
3/8/2022,6814.183105,6929.862793,6814.183105,6895.630859,246218500
3/9/2022,6864.440918,6888.930176,6824.09082,6836.671875,209971800
3/10/2022,6924.007813,6924.007813,6837.725098,6897.174805,194071700
3/11/2022,6922.602051,6922.602051,6853.85791,6872.631836,174120300
3/14/2022,6952.204102,6969.993164,6918.312988,6949.206055,193318000
3/15/2022,6918.185059,6996.320801,6894.920898,6968.349121,189709300
3/16/2022,6992.39502,6992.39502,6946.842773,6951.352051,171297500
3/17/2022,6964.384766,7032.702148,6949.166016,7016.532227,197411300
3/18/2022,6954.964844,7000.587891,6926.414063,6981.262207,198102900
3/21/2022,6955.181152,6974.153809,6929.934082,6945.893066,216686100
3/22/2022,7000.821777,7003.259766,6968.201172,6974.977051,188258200
3/23/2022,6996.115234,7022.043945,6976.15918,7010.838867,214242900
3/24/2022,7049.685059,7049.685059,6977.833984,6986.183105,264967400
3/25/2022,7002.532227,7055.34082,6978.398926,7050.553223,201857500
3/28/2022,7049.603027,7051.541016,6987.223145,6996.317871,174012100
3/29/2022,7011.688965,7072.777832,7007.910156,7052.734863,185204100
3/30/2022,7053.189941,7055.866211,7022.651855,7037.202148,194572800
3/31/2022,7071.441895,7099.49707,7049.810059,7070.76123,178707400
4/1/2022,7078.759766,7099.301758,7040.491211,7093.699219,157645900
4/4/2022,7116.217773,7116.217773,7060.213867,7082.24707,173611100
4/5/2022,7148.298828,7148.298828,7110.11084,7122.914063,184230300
4/6/2022,7104.21582,7147.992188,7090.224121,7128.412109,216736400
4/7/2022,7127.367188,7145.167969,7097.903809,7115.086914,204797800
4/8/2022,7210.834961,7216.494141,7151.258789,7157.309082,207396700
4/11/2022,7203.793945,7355.299805,7194.60791,7212.00293,334575500
4/12/2022,7214.780762,7320.236816,7146.585938,7205.077148,253923400
4/13/2022,7262.776855,7266.398926,7212.85791,7240.188965,245926100
4/14/2022,7235.532227,7282.905762,7234.333008,7265.319824,238683900
4/18/2022,7275.289063,7277.075195,7243.36084,7245.503906,210765700
4/19/2022,7199.231934,7297.394043,7199.231934,7283.416992,214778100
4/20/2022,7227.361816,7262.558105,7184.964844,7226.87207,266258400
4/21/2022,7276.192871,7294.671875,7245.726074,7249.49707,177135800
4/22/2022,7225.605957,7291.47998,7174.810059,7251.980957,249844600
4/25/2022,7215.979004,7234.314941,7121.859863,7204.161133,212314600
4/26/2022,7232.152832,7247.475098,7161.65918,7208.922852,197362000
4/27/2022,7196.76416,7226.019043,7175.066895,7211.710938,201981800
4/28/2022,7228.914063,7267.111816,7204.599121,7260.27002,194334400
5/9/2022,6909.750977,7156.483887,6896.999023,7154.916992,212774700
5/10/2022,6819.793945,6832.098145,6662.611816,6747.562988,193141700
5/11/2022,6816.203125,6902.21582,6796.295898,6833.193848,0
5/12/2022,6599.839844,6802.328125,6576.309082,6802.328125,194742800
5/13/2022,6597.993164,6633.01416,6509.878906,6586.577148,177689000
5/17/2022,6644.466797,6703.050781,6574.13623,6603.893066,195947200
5/18/2022,6793.414063,6804.907227,6648.940918,6676.394043,192322000
5/19/2022,6823.334961,6851.717773,6620.684082,6719.756836,234684500
5/20/2022,6918.144043,6965.105957,6804.907227,6839.016113,193153300
5/23/2022,6840.774902,6972.180176,6802.712891,6930.938965,181821900
5/24/2022,6914.141113,6941.666992,6822.140137,6859.222168,197751100
5/25/2022,6883.503906,6944.48291,6858.695801,6914.64502,173878500
5/27/2022,7026.255859,7032.821777,6938.292969,6948.226074,196905500
5/30/2022,7037.564941,7069.250977,6974.616211,7052.172852,201457000
5/31/2022,7148.970215,7148.970215,7033.755859,7064.226074,279640300
6/2/2022,7148.723145,7209.079102,7117.979004,7130.601074,227362900
6/3/2022,7182.960938,7233.995117,7170.692871,7176.682129,240581300
6/6/2022,7096.582031,7194.536133,7056.174805,7163.173828,231204100
6/7/2022,7141.044922,7192.542969,7062.96582,7101.312988,275161800
6/8/2022,7193.313965,7220.084961,7102.861816,7133.49707,260589300
6/9/2022,7182.830078,7257.99707,7174.819824,7186.89209,270045800
6/10/2022,7086.647949,7160.116211,7051.223145,7143.241211,244570500
6/13/2022,6995.441895,6996.713867,6924.952148,6992.22998,262879000
6/14/2022,7049.881836,7049.881836,6932.713867,6949.647949,234982700
6/15/2022,7007.049805,7086.381836,6966.026855,7031.199219,274136800
6/16/2022,7050.326172,7138.496094,7025.931152,7063.077148,268578900
6/17/2022,6936.966797,6999.539063,6882.644043,6987.751953,281566500
6/20/2022,6976.376953,6976.376953,6859.599121,6937.007813,270432200
6/21/2022,7044.070801,7049.90918,6967.623047,6976.335938,235393100
6/22/2022,6984.311035,7063.258789,6968.296875,7044.11084,214189700
6/23/2022,6998.26709,7010.272949,6920.734863,6984.311035,212119400
6/24/2022,7042.937012,7067.74707,6997.919922,6998.348145,201464700
6/27/2022,7016.055176,7070.519043,6973.658203,7043.018066,181378000
6/28/2022,6996.456055,7016.916992,6960.071777,7016.13623,172583900
6/29/2022,6942.351074,7016.056152,6942.351074,6996.456055,164738900
6/30/2022,6911.582031,6990.861816,6897.675781,6942.351074,164820700
7/1/2022,6794.328125,6940.97998,6777.316895,6911.582031,157368000
7/4/2022,6639.171875,6796.519043,6559.637207,6794.368164,172853700
7/5/2022,6703.266113,6767.829102,6639.211914,6639.211914,181055000
7/6/2022,6646.410156,6709.921875,6602.896973,6703.266113,140628200
7/7/2022,6652.586914,6682.666992,6632.387207,6646.410156,157996000
7/8/2022,6740.219238,6740.219238,6652.666992,6652.666992,157598800
7/11/2022,6722.14502,6757.086914,6690.616211,6740.019043,163555700
7/12/2022,6718.293945,6745.425781,6708.175781,6722.185059,184326800
7/13/2022,6640.990234,6727.922852,6636.048828,6718.293945,169282000
7/14/2022,6690.086914,6700.053223,6607.702148,6640.990234,131271000
7/15/2022,6651.904785,6716.956055,6645.902832,6690.086914,145685800
7/18/2022,6659.25293,6702.074219,6611.925781,6652.064941,143740000
7/19/2022,6736.091797,6740.075195,6626.254883,6659.292969,170776400
7/20/2022,6874.743164,6880.756836,6736.063965,6736.171875,182468200
7/21/2022,6864.130859,6893.375977,6809.71582,6874.783203,156437900
7/22/2022,6886.961914,6901.720215,6850.48877,6864.130859,199589800
7/25/2022,6858.407227,6908.191895,6858.407227,6887.041992,210616100
7/26/2022,6871.537109,6899.929199,6857.800781,6858.446777,320241300
7/27/2022,6898.21582,6911.899902,6861.446777,6871.49707,276772700
7/28/2022,6956.816895,6984.532227,6898.295898,6898.295898,287336500
7/29/2022,6951.123047,7032.353027,6951.123047,6956.896973,292504000
8/1/2022,6968.783203,7005.292969,6949.634766,6951.123047,238507600
8/2/2022,6988.157227,6991.39209,6902.629883,6968.783203,216232400
8/3/2022,7046.634766,7046.634766,6971.73584,6988.157227,225842100
8/4/2022,7057.348145,7075.560059,7025.054199,7046.634766,248154300
8/5/2022,7084.654785,7090.76709,7045.981934,7057.348145,173887000
8/8/2022,7086.849121,7100.808105,7050.824219,7084.654785,219012400
8/9/2022,7102.879883,7144.202148,7086.849121,7086.849121,263201500
8/10/2022,7086.23584,7104.03418,7021.672852,7102.879883,200438400
8/11/2022,7160.384766,7181.100098,7086.275879,7086.275879,246280600
8/12/2022,7129.276855,7164.669922,7113.579102,7160.384766,240074700
8/15/2022,7093.275879,7156.919922,7081.304199,7129.276855,228243500
8/16/2022,7133.453125,7147.970215,7080.75293,7093.275879,231209400
8/18/2022,7186.558105,7186.558105,7125.394043,7133.453125,239294800
8/19/2022,7172.434082,7230.11084,7172.434082,7186.598145,232876500
8/22/2022,7107.98291,7174.283203,7064.500977,7172.434082,204493100
8/23/2022,7163.265137,7183.258789,7106.834961,7107.862793,260557700
8/24/2022,7194.706055,7204.419922,7154.644043,7163.305176,221550000
8/25/2022,7174.208008,7210.163086,7146.312012,7194.706055,280881500
8/26/2022,7135.248047,7194.081055,7135.248047,7174.288086,273878800
8/29/2022,7132.044922,7135.087891,7015.347168,7135.087891,256806700
8/30/2022,7159.473145,7223.125977,7131.616211,7132.084961,308273200
8/31/2022,7178.589844,7178.589844,7073.222168,7159.513184,256857200
9/1/2022,7153.104004,7197.056152,7135.024902,7178.589844,252393900
9/2/2022,7177.179199,7207.615234,7146.811035,7153.104004,284827600
9/5/2022,7231.882813,7245.400879,7147.976074,7177.13916,309176400
9/6/2022,7233.154785,7287.700195,7230.792969,7231.922852,346421400
9/7/2022,7186.756836,7243.522949,7166.625977,7233.154785,328200100
9/8/2022,7232.01709,7277.883789,7186.563965,7186.756836,277671500
9/9/2022,7242.655762,7270.296875,7206.37207,7232.057129,273581100
9/12/2022,7254.463867,7276.419922,7218.463867,7242.695801,300778400
9/13/2022,7318.016113,7345.456055,7254.416016,7254.463867,285339000
9/14/2022,7278.078125,7317.895996,7219.319824,7317.895996,250200100
9/15/2022,7305.601074,7377.495117,7278.198242,7278.198242,274253400
9/16/2022,7168.870117,7306.163086,7163.073242,7305.601074,351796400
9/19/2022,7195.487793,7231.416016,7151.615234,7168.950195,252816300
9/20/2022,7196.951172,7252.186035,7186.246094,7195.567871,279749000
9/21/2022,7188.313965,7204.901855,7134.785156,7196.871094,246224300
9/22/2022,7218.905762,7225.550781,7127.457031,7188.193848,282626800
9/23/2022,7178.583008,7219.025879,7172.533203,7219.025879,205509000
9/26/2022,7127.50293,7178.50293,7039.241211,7178.50293,193399700
9/27/2022,7112.449219,7133.411133,7075.653809,7127.50293,227195500
9/28/2022,7077.030762,7156.97998,7073.473145,7112.40918,193422200
9/29/2022,7036.198242,7135.500977,7023.210938,7077.11084,214141900
9/30/2022,7040.797852,7056.169922,6926.859863,7036.198242,208540900
10/3/2022,7009.717773,7047.624023,6995.062012,7040.797852,179996500
10/4/2022,7072.255859,7101.472168,7009.836914,7009.836914,216377800
10/5/2022,7075.384766,7131.879883,7070.212891,7072.294922,219700600
10/6/2022,7076.623047,7135.908203,7066.471191,7075.384766,177554400
10/7/2022,7026.783203,7081.018066,7008.144043,7076.623047,226928900
10/10/2022,6994.39502,7026.663086,6947.719238,7026.663086,220135300
10/11/2022,6939.14502,7001.969238,6937.809082,6994.39502,237406700
10/12/2022,6909.208984,6990.587891,6870.282227,6939.14502,225826800
10/13/2022,6880.625,6933.708008,6880.625,6909.208984,175237300
10/14/2022,6814.529785,6943.85498,6814.529785,6880.665039,188093100
10/17/2022,6831.115234,6836.975098,6747.379883,6814.529785,217793900
10/18/2022,6834.494141,6891.984863,6809.984863,6831.154785,204836800
10/19/2022,6860.416016,6883.916992,6806.11377,6834.494141,165404100
10/20/2022,6980.651855,6986.205078,6847.066895,6860.416016,225664700
10/21/2022,7017.770996,7058.911133,6974.962891,6980.691895,181511700
10/24/2022,7053.043945,7092.169922,7017.460938,7017.811035,203913800
10/25/2022,7048.379883,7108.815918,7032.541992,7053.083984,223456200
10/26/2022,7043.938965,7081.879883,7017.935059,7048.419922,187797900
10/27/2022,7091.76123,7104.853027,7043.979004,7043.979004,188078500
10/28/2022,7056.040039,7100.808105,7016.702148,7091.76123,186703600
10/31/2022,7098.890137,7113.112793,7051.429199,7056.040039,192397100
11/1/2022,7052.303223,7128.13623,7018.551758,7098.930176,193069500
11/2/2022,7015.689941,7074.23291,6976.871094,7052.303223,165214300
11/3/2022,7034.573242,7050.380859,6962.853027,7015.689941,176601600
11/4/2022,7045.526855,7045.526855,6973.318848,7034.573242,180561000
11/7/2022,7102.395996,7102.395996,7011.563965,7045.526855,194075900
11/8/2022,7050.125977,7111.439941,7039.251953,7102.436035,193397800
11/9/2022,7070.083984,7073.551758,7037.307129,7050.085938,187445600
11/10/2022,6966.836914,7070.083984,6956.288086,7070.083984,188518000
11/11/2022,7089.206055,7106.060059,6966.996094,6966.996094,226055800
11/14/2022,7019.39209,7104.76416,7014.297852,7089.206055,174641100
11/15/2022,7035.5,7048.390137,6999.23584,7019.39209,167825000
11/16/2022,7014.383789,7046.999023,6955.528809,7035.5,165129900
11/17/2022,7044.98584,7051.274902,6965.762207,7014.383789,156588900
11/18/2022,7082.181152,7094.097168,7027.746094,7045.025879,167164400
11/21/2022,7063.24707,7107.323242,7050.440918,7082.181152,162801100
11/22/2022,7030.587891,7108.831055,7030.587891,7063.24707,177602200
11/23/2022,7054.123047,7089.693848,7026.391113,7030.626953,157476700
11/24/2022,7080.515137,7104.88916,7054.162109,7054.162109,159926700
11/25/2022,7053.149902,7086.562012,7013.221191,7080.554199,158716200
11/28/2022,7017.35791,7083.378906,7011.453125,7053.109863,187211500
11/29/2022,7012.068848,7036.538086,6990.900879,7017.317871,164098100
11/30/2022,7081.312988,7081.312988,6993.695801,7012.108887,273493300
12/1/2022,7020.803223,7090.276855,7018.269043,7081.194824,167994300
12/2/2022,7019.63916,7021.813965,6967.950195,7020.803223,139459800
12/5/2022,6987.328125,7053.902832,6987.328125,7019.63916,165306000
12/6/2022,6892.569824,6987.368164,6862.564941,6987.368164,149697900
12/7/2022,6818.751953,6892.663086,6799.299805,6892.569824,158724300
12/8/2022,6804.227051,6821.050781,6683.628906,6818.791016,162316700
12/9/2022,6715.118164,6804.227051,6695.381836,6804.227051,127123900
12/12/2022,6734.452148,6734.452148,6641.810059,6715.118164,134471100
12/13/2022,6810.315918,6826.116211,6714.87207,6734.491211,396136700
12/14/2022,6801.749023,6854.098145,6774.131836,6810.355957,215430000
12/15/2022,6751.859863,6801.837891,6740.955078,6801.789063,145093400
12/16/2022,6812.192871,6812.192871,6693.765137,6751.859863,156126900
12/19/2022,6779.698242,6827.814941,6754.087891,6812.153809,127896600
12/20/2022,6768.315918,6792.203125,6715.044922,6779.698242,151817000
12/21/2022,6820.663086,6820.663086,6763.696777,6768.315918,139079800
12/22/2022,6824.432129,6844.121094,6800.617188,6820.702148,129012900
12/23/2022,6800.672852,6824.393066,6784.586914,6824.393066,120430300
12/26/2022,6835.808105,6858.146973,6796.166992,6800.712891,117543200
12/27/2022,6923.026855,6933.88916,6835.662109,6835.847168,121669200
12/28/2022,6850.52002,6953.039063,6828.140137,6923.065918,120571100
12/29/2022,6860.077148,6879.584961,6786.981934,6850.52002,141016100
12/30/2022,6850.619141,6888.73584,6838.588867,6860.116211,129302000
1/2/2023,6850.983887,6856.88916,6823.479004,6850.740234,109645000
1/3/2023,6888.757813,6908.001953,6838.574219,6850.983887,156894900
1/4/2023,6813.23877,6900.603027,6813.23877,6888.798828,142541400
1/5/2023,6653.84082,6813.421875,6621.986816,6813.279785,180589300
1/6/2023,6684.558105,6708.637207,6598.645996,6653.759766,109855600
1/9/2023,6688.265137,6726.96582,6638.645996,6684.558105,135949700
1/10/2023,6622.499023,6690.229004,6570.243164,6688.265137,144817300
1/11/2023,6584.453125,6622.794922,6557.919922,6622.539063,124903900
1/12/2023,6629.934082,6662.229004,6574.088867,6584.494141,148901900
1/13/2023,6641.830078,6658.476074,6600.594238,6629.934082,165594900
1/16/2023,6688.057129,6688.057129,6627.696777,6641.830078,154893500
1/17/2023,6767.339844,6801.871094,6688.057129,6688.057129,217634400
1/18/2023,6765.786133,6790.164063,6721.463867,6767.178223,194959200
1/19/2023,6819.907227,6820.984863,6754.551758,6765.746094,154234600
1/20/2023,6874.931152,6874.931152,6819.532227,6819.907227,173846000
1/24/2023,6860.854004,6906.791016,6841.006836,6874.931152,196805400
1/25/2023,6829.930176,6871.36377,6821.279785,6860.854004,187905300
1/26/2023,6864.817871,6874.869141,6815.785156,6829.970215,171067600
1/27/2023,6898.980957,6932.708984,6864.817871,6864.817871,149187500
1/30/2023,6872.480957,6925.469238,6834.081055,6899.021973,134698100
1/31/2023,6839.341797,6880.959961,6827.243164,6872.520996,151785000
2/1/2023,6862.257813,6893.184082,6838.916016,6838.916016,145899200
2/2/2023,6890.571777,6896.731934,6855.367188,6862.257813,189189500
2/3/2023,6911.731934,6951.966797,6890.713867,6890.713867,202858400
2/6/2023,6873.791016,6924.882813,6835.757813,6911.731934,143480000
2/7/2023,6935.300781,6946.233887,6873.791016,6873.791016,173101600
2/8/2023,6940.124023,6961.918945,6912.108887,6935.300781,172668200
2/9/2023,6897.365234,6961.151855,6896.040039,6940.124023,176681300
2/10/2023,6880.329102,6895.237793,6803.417969,6895.237793,140803700
2/13/2023,6900.140137,6915.144043,6871.882813,6880.329102,213914100
2/14/2023,6941.85498,6941.85498,6900.140137,6900.140137,162808100
2/15/2023,6914.538086,6946.03418,6872.869141,6941.85498,148477900
2/16/2023,6895.664063,6933.280762,6875.300781,6914.538086,173648600
2/17/2023,6895.713867,6919.091797,6868.279785,6895.664063,180098400
2/20/2023,6894.716797,6910.504883,6863.670898,6895.855957,175859700
2/21/2023,6873.404785,6923.672852,6870.911133,6894.716797,144215700
2/22/2023,6809.967773,6875.390137,6781.229004,6873.263184,149215500
2/23/2023,6839.454102,6839.454102,6806.99707,6810.108887,124488600
2/24/2023,6856.576172,6880.312012,6839.454102,6839.454102,130300200
2/27/2023,6854.776855,6871.111816,6819.87207,6856.576172,127631500
2/28/2023,6843.23877,6890.354004,6843.23877,6854.776855,167931100
3/1/2023,6844.936035,6889.51416,6833.188965,6843.098145,146293200
3/2/2023,6857.415039,6875.098145,6841.861816,6845.078125,136086000
3/3/2023,6813.63623,6884.116211,6804.476074,6857.415039,118736600
3/6/2023,6807.000977,6856.568848,6801.189941,6813.918945,137055800
3/7/2023,6766.757813,6812.958984,6758.000977,6806.858887,140398600
3/8/2023,6776.370117,6776.370117,6728.190918,6766.757813,144130900
3/9/2023,6799.794922,6824.664063,6776.370117,6776.370117,113187000
3/10/2023,6765.301758,6799.794922,6741.410156,6799.794922,131746200
3/13/2023,6786.955078,6812.874023,6727.442871,6765.018066,141798000
3/14/2023,6641.813965,6786.671875,6635.375977,6786.671875,166605500
3/15/2023,6628.137207,6709.86084,6628.137207,6641.813965,139210500
3/16/2023,6565.728027,6630.768066,6542.791992,6628.137207,154420700
3/17/2023,6678.236816,6683.094238,6565.728027,6565.728027,455755600
3/20/2023,6612.490234,6678.236816,6587.688965,6678.236816,128905000
3/21/2023,6691.61084,6691.61084,6609.223145,6612.490234,145475100
3/24/2023,6762.253906,6776.904785,6692.166016,6694.01709,146575100
3/27/2023,6708.933105,6772.595215,6704.751953,6762.253906,135182600
3/28/2023,6760.328125,6764.654785,6708.933105,6708.933105,126113300
3/29/2023,6839.436035,6851.505859,6760.328125,6760.328125,143324900
3/30/2023,6808.951172,6868.632813,6803.092773,6839.436035,140466800
3/31/2023,6805.276855,6831.553223,6789.609863,6809.092773,139015200
4/3/2023,6827.174805,6849.35791,6805.126953,6805.276855,127453100
4/4/2023,6833.178223,6859.692871,6781.523926,6827.033203,131576400
4/5/2023,6819.674805,6867.336914,6816.430176,6833.178223,123965500
4/6/2023,6792.765137,6832.72998,6786.287109,6819.674805,172852900
4/10/2023,6771.234863,6799.494141,6735.192871,6792.765137,129368500
4/11/2023,6811.313965,6811.313965,6738.766113,6771.234863,161404500
4/12/2023,6798.963867,6833.744141,6775.28418,6811.455078,151427200
4/13/2023,6785.598145,6816.884766,6764.65918,6798.541016,161495800
4/14/2023,6818.574219,6838.071777,6785.700195,6785.879883,137035000
4/17/2023,6787.582031,6829.509766,6765.14209,6818.714844,94860100
4/18/2023,6821.807129,6839.758789,6784.172852,6787.582031,103660800
4/26/2023,6910.146973,6910.146973,6821.599121,6821.807129,120164300
4/27/2023,6945.477051,6971.910156,6877.649902,6910.848145,161595900
4/28/2023,6915.71582,6958.672852,6897.708984,6945.477051,130620700
5/2/2023,6863.301758,6920.335938,6814.344238,6915.71582,136480100
5/3/2023,6812.722168,6865.611816,6776.895996,6863.301758,121306900
5/4/2023,6844.026855,6846.124023,6780.086914,6812.722168,137517900
5/5/2023,6787.630859,6851.585938,6733.775879,6844.026855,148189400
5/8/2023,6769.630859,6798.321777,6756.661133,6787.491211,179625500
5/9/2023,6779.97998,6793.766113,6742.179199,6769.630859,172097200
5/10/2023,6811.904785,6820.123047,6775.192871,6780.400879,181480200
5/11/2023,6755.937988,6814.124023,6717.424805,6811.904785,162906200
5/12/2023,6707.763184,6755.937988,6704.565918,6755.937988,173779500
5/15/2023,6711.740234,6729.299805,6656.647949,6708.463867,142578400
5/16/2023,6676.563965,6729.074219,6659.073242,6711.740234,156372400
5/17/2023,6663.11377,6706.595215,6661.467773,6676.423828,180449300
5/19/2023,6700.561035,6715.030762,6662.749023,6663.11377,161565100
5/22/2023,6729.646973,6757.624023,6675.876953,6700.561035,167491100
5/23/2023,6736.684082,6772.646973,6727.067871,6729.646973,162216500
5/24/2023,6745.804199,6755.882813,6713.893066,6736.684082,137679300
5/25/2023,6704.230957,6749.712891,6702.529785,6745.804199,156986800
5/26/2023,6687.000977,6727.286133,6669.23584,6704.230957,181504900
5/29/2023,6681.102051,6708.367188,6617.236816,6687.280762,164801800
5/30/2023,6636.422852,6700.237793,6636.422852,6681.102051,173775000
5/31/2023,6633.26123,6657.649902,6562.955078,6636.422852,615071900
6/5/2023,6633.437012,6663.714844,6598.509766,6633.26123,152714500
6/6/2023,6618.922852,6677.567871,6602.003906,6633.437012,231838500
6/7/2023,6619.754883,6638.581055,6578.755859,6619.062988,162881000
6/8/2023,6666.330078,6666.330078,6598.419922,6619.754883,168616600
6/9/2023,6694.023926,6703.824219,6648.958984,6666.049805,182769600
6/12/2023,6722.373047,6722.373047,6670.521973,6694.583984,158712000
6/13/2023,6719.01416,6744.038086,6697.070801,6722.373047,176568000
6/14/2023,6699.716797,6744.644043,6672.855957,6718.874023,178279800
6/15/2023,6713.794922,6717.456055,6660.90918,6699.716797,151187300
6/16/2023,6698.546875,6726.456055,6669.335938,6713.515137,172061800
6/19/2023,6686.059082,6705.038086,6669.049805,6698.546875,161424500
6/20/2023,6660.455078,6692.440918,6626.148926,6686.059082,118276600
6/21/2023,6702.625,6702.625,6635.673828,6660.455078,120273100
6/22/2023,6652.26123,6717.976074,6652.26123,6702.765137,168533600
6/23/2023,6639.73291,6665.663086,6635.481934,6652.26123,113447100
6/26/2023,6664.667969,6674.060059,6622.184082,6639.73291,126037100
6/27/2023,6661.878906,6679.625977,6652.903809,6664.667969,142328900
7/3/2023,6696.71582,6696.71582,6660.824219,6661.73584,125551000
7/4/2023,6681.753906,6713.993164,6672.773926,6696.858887,146273000
7/5/2023,6718.977051,6719.056152,6676.934082,6681.753906,148911000
7/6/2023,6757.331055,6766.272949,6712.074219,6718.263184,179543000
7/7/2023,6716.458984,6757.047852,6711.223145,6757.047852,158332900
7/10/2023,6731.038086,6763.545898,6716.458984,6716.458984,123617000
7/11/2023,6796.923828,6796.923828,6730.629883,6731.180176,160428000
7/12/2023,6808.208984,6820.179199,6785.855957,6796.923828,161722800
7/13/2023,6810.212891,6835.737793,6783.741211,6808.351074,171443900
7/14/2023,6869.571777,6874.775879,6810.212891,6810.212891,160702800
7/17/2023,6867.144043,6931.271973,6867.144043,6869.712891,176805700
7/18/2023,6830.203125,6902.143066,6798.432129,6867.144043,150363000
7/20/2023,6864.188965,6874.89209,6827.999023,6830.061035,142032500
7/21/2023,6880.801758,6880.801758,6837.645996,6864.188965,131640100
7/24/2023,6899.395996,6929.684082,6877.948242,6880.801758,150084400
7/25/2023,6917.710938,6944.620117,6897.978027,6897.978027,150504400
7/26/2023,6948.278809,6955.975098,6917.407227,6917.710938,149683800
7/27/2023,6896.663086,6966.166992,6896.663086,6948.278809,158624100
7/28/2023,6900.22998,6904.10498,6857.368164,6896.805176,146686100
7/31/2023,6931.358887,6931.358887,6895.073242,6900.22998,171457600
8/1/2023,6886.496094,6934.387207,6880.466797,6931.075195,196062700
8/2/2023,6854.509766,6886.496094,6833.97998,6886.496094,183858400
8/3/2023,6898.077148,6924.053223,6839.743164,6854.509766,163613400
8/4/2023,6852.841797,6925.01416,6850.899902,6898.219238,118791000
8/7/2023,6886.366211,6904.355957,6852.841797,6852.841797,134540800
8/8/2023,6868.812988,6915.050781,6861.634766,6886.506836,170357400
8/9/2023,6875.111816,6901.060059,6863.083984,6868.812988,218491200
8/10/2023,6893.275879,6910.754883,6875.111816,6875.111816,162734000
8/11/2023,6879.979004,6906.64502,6865.111816,6893.275879,130736700
8/14/2023,6910.171875,6910.171875,6823.753906,6879.979004,138804900
8/15/2023,6915.101074,6928.629883,6898.381836,6910.455078,172760000
8/16/2023,6900.538086,6915.101074,6855.888184,6915.101074,152291200
8/18/2023,6859.912109,6899.830078,6856.378906,6899.830078,130737900
8/21/2023,6866.033203,6890.275879,6859.422852,6860.053223,207708300
8/22/2023,6916.450195,6927.448242,6860.688965,6866.033203,158573900
8/23/2023,6921.410156,6959.432129,6916.450195,6916.450195,170674700
8/24/2023,6899.39209,6937.648926,6898.388184,6921.410156,142846200
8/25/2023,6895.442871,6906.083984,6869.632813,6899.39209,129994800
8/28/2023,6921.727051,6940.121094,6895.868164,6895.868164,185488900
8/29/2023,6957.834961,6964.733887,6921.727051,6921.727051,244345800
8/30/2023,6966.655762,7008.486816,6958.259766,6958.259766,159326300
8/31/2023,6953.259766,6982.345215,6924.225098,6966.655762,233127700
9/1/2023,6977.653809,6992.634766,6950.26416,6953.259766,145790000
9/4/2023,6996.75,7007.801758,6974.823242,6977.795898,154577900
9/5/2023,6991.708008,7014.47998,6972.626953,6996.75,183173900
9/6/2023,6995.953125,7020.966797,6989.790039,6991.708008,165422100
9/7/2023,6954.808105,7003.671875,6927.420898,6996.095215,191159400
9/8/2023,6924.779785,6966.766113,6900.586914,6954.808105,140402900
9/11/2023,6963.393066,6963.393066,6904.362793,6924.779785,174103700
9/12/2023,6933.969238,6976.47998,6928.229004,6963.393066,174683500
9/13/2023,6935.476074,6944.820801,6903.234863,6934.109863,163898700
9/14/2023,6959.333008,6968.977051,6927.680176,6935.334961,171813100
9/15/2023,6982.791016,7011.878906,6945.069824,6959.190918,346903000
9/18/2023,6936.083008,6999.397949,6928.770996,6982.791016,153763100
9/19/2023,6980.320801,6994.037109,6934.710938,6936.367188,135442200
9/20/2023,7011.681152,7046.475098,6980.320801,6980.320801,146616600
9/21/2023,6991.46582,7021.293945,6974.008789,7011.681152,138027800
9/22/2023,7016.844238,7040.129883,6985.958984,6991.46582,155659000
9/25/2023,6998.380859,7029.766113,6994.438965,7016.984863,182991900
9/26/2023,6923.799805,7019.551758,6913.816895,6998.097168,222491300
9/27/2023,6937.828125,6970.846191,6913.352051,6923.799805,154929800
9/29/2023,6939.89209,6978.592773,6937.828125,6937.828125,165659400
10/2/2023,6961.458984,6984.579102,6939.61084,6939.89209,157872500
10/3/2023,6940.887207,6992.626953,6940.887207,6961.458984,167668900
10/4/2023,6886.576172,6943.273926,6839.85791,6940.887207,196090300
10/5/2023,6874.826172,6934.804199,6874.826172,6886.98584,167955300
10/6/2023,6888.518066,6913.012207,6875.099121,6875.099121,142303700
10/9/2023,6891.455078,6929.971191,6880.538086,6888.518066,139709000
10/10/2023,6922.187988,6954.008789,6891.455078,6891.455078,123670000
10/11/2023,6931.75293,6965.825195,6914.721191,6922.187988,178123100
10/12/2023,6935.150879,6986.882813,6931.88916,6931.88916,218808900
10/13/2023,6926.779785,6973.751953,6902.059082,6934.87793,216335000
10/16/2023,6896.291992,6970.598145,6878.263184,6926.916016,341572100
10/17/2023,6939.615234,6948.039063,6892.23291,6896.291992,176866700
10/18/2023,6927.905762,6968.254883,6908.286133,6939.615234,187464900
10/19/2023,6846.426758,6927.980957,6840.365234,6927.632813,205941400
10/20/2023,6849.167969,6869.474121,6803.192871,6846.426758,194064800
10/23/2023,6741.963867,6853.449219,6730.875977,6849.167969,168543100
10/24/2023,6806.762207,6826.048828,6738.533203,6741.828125,141478700
10/25/2023,6834.388184,6878.560059,6806.898926,6806.898926,153802700
10/26/2023,6714.519043,6838.809082,6704.52002,6833.979004,168306200
10/27/2023,6758.792969,6781.393066,6713.937012,6714.519043,163096100
10/30/2023,6735.89209,6775.212891,6692.779785,6758.657227,157763400
10/31/2023,6752.210938,6754.516113,6666.410156,6735.89209,195489700
11/1/2023,6642.417969,6773.980957,6639.824219,6751.938965,206571400
11/2/2023,6751.38623,6784.995117,6642.689941,6642.689941,221191100
11/3/2023,6788.850098,6826.618164,6748.695801,6751.38623,231714900
11/6/2023,6878.835938,6878.835938,6787.228027,6788.850098,228787500
11/7/2023,6843.790039,6887.022949,6806.881836,6878.835938,193087900
11/8/2023,6804.105957,6843.917969,6760.102051,6843.653809,151412300
11/9/2023,6838.23291,6865.077148,6793.76416,6804.105957,120495400
11/10/2023,6809.263184,6843.957031,6801.918945,6838.23291,133618500
11/13/2023,6838.312012,6857.103027,6809.263184,6809.263184,187630200
11/14/2023,6862.055176,6886.810059,6829.949219,6838.040039,152609900
11/15/2023,6958.205078,6985.59082,6862.327148,6862.327148,181839600
11/16/2023,6958.007813,6964.168945,6906.594238,6958.34082,122880300
11/17/2023,6977.667969,6977.667969,6919.629883,6958.14502,122926700
11/20/2023,6994.888184,7011.059082,6962.750977,6977.667969,150491900
11/21/2023,6961.790039,7010.978027,6946.960938,6994.888184,160615900
11/22/2023,6906.953125,6965.411133,6893.506836,6961.790039,181914600
11/23/2023,7004.344238,7018.429199,6906.609863,6907.088867,219080000
11/24/2023,7009.630859,7049.541016,7000.097168,7004.47998,181146200
11/27/2023,7013.405762,7061.827148,7008.812988,7009.630859,163462500
11/28/2023,7041.073242,7067.143066,7010.825195,7013.405762,167633600
11/29/2023,7036.086914,7070.190918,7020.012207,7041.073242,167555900
11/30/2023,7080.741211,7109.608887,7036.086914,7036.086914,259745500
12/1/2023,7059.905762,7083.855957,7022.765137,7080.061035,265990100
12/4/2023,7093.600098,7149.244141,7060.041992,7060.041992,308380600
12/5/2023,7100.85498,7117.578125,7047.631836,7093.056152,319577000
12/6/2023,7087.39502,7140.157227,7085.812012,7100.85498,272847500
12/7/2023,7134.623047,7134.623047,7041.008789,7087.39502,235230700
12/8/2023,7159.598145,7201.628906,7123.037109,7134.623047,270037600
12/11/2023,7088.785156,7153.115234,7045.172852,7139.275879,490104800
12/12/2023,7125.307129,7134.220215,7082.879883,7104.972168,255110500
12/13/2023,7075.34082,7124.475098,7045.942871,7110.077148,182766500
12/14/2023,7176.016113,7191.15918,7115.446777,7134.041992,228648300
12/15/2023,7190.987793,7215.937012,7169.430176,7183.148926,207901200
12/18/2023,7119.524902,7192.89209,7092.027832,7181.434082,239480200
12/19/2023,7187.846191,7187.846191,7112.817871,7116.545898,155446500
12/20/2023,7219.666992,7237.96582,7196.241211,7207.180176,142313600
12/21/2023,7209.619141,7229.288086,7173.007813,7222.092773,144347800
12/22/2023,7237.519043,7248.547852,7218.174805,7225.620117,111284900
12/27/2023,7245.916016,7293.524902,7239.663086,7256.158203,124953000
12/28/2023,7303.888184,7308.205078,7262.253906,7266.568848,123036000
12/29/2023,7272.796875,7309.782227,7259.682129,7307.11084,123172800
1/2/2024,7323.587891,7323.587891,7245.565918,7268.397949,121359000
1/3/2024,7279.09082,7321.878906,7275.874023,7316.108887,159498400
1/4/2024,7359.763184,7371.234863,7280.407227,7290.064941,155674900
1/5/2024,7350.619141,7403.578125,7350.619141,7376.288086,163057200
1/8/2024,7283.575195,7393.131836,7275.170898,7362.046875,140602400
1/9/2024,7200.203125,7311.638184,7180.157227,7299.783203,152570700
1/10/2024,7227.296875,7259.601074,7152.87793,7187.580078,152699300
1/11/2024,7219.963867,7277.500977,7219.963867,7253.456055,190523900
1/12/2024,7241.138184,7271.87207,7205.758789,7242.367188,152196500
1/15/2024,7224.000977,7281.26123,7206.307129,7254.044922,132959600
1/16/2024,7242.787109,7268.178223,7210.028809,7231.63916,130295500
1/17/2024,7200.634766,7252.457031,7162.484863,7248.01416,202143100
1/18/2024,7252.966797,7267.080078,7185.378906,7198.850098,158921700
1/19/2024,7227.401855,7277.979004,7170.805176,7271.341797,137359600
1/22/2024,7247.928223,7247.928223,7194.951172,7233.172852,141722200
1/23/2024,7256.229004,7256.229004,7201.829102,7232.516113,132610200
1/24/2024,7227.823242,7271.958008,7170.297852,7255.77002,128902300
1/25/2024,7178.041992,7253.720215,7176.111816,7215.526855,130391900
1/26/2024,7137.087891,7166.689941,7099.083984,7152.269043,140214300
1/29/2024,7157.174805,7177.696777,7115.036133,7147.714844,160408500
1/30/2024,7192.21582,7213.188965,7133.61377,7147.23584,182161800
1/31/2024,7207.940918,7247.518066,7192.644043,7213.307129,170270400
2/1/2024,7201.695801,7248.529785,7191.694824,7221.852051,157409100
2/2/2024,7238.785156,7238.785156,7180.356934,7221.900879,114364900
2/5/2024,7198.615234,7254.088867,7186.170898,7237.334961,137325900
2/6/2024,7247.408203,7268.131836,7212.140137,7230.148926,138020300
2/7/2024,7235.151855,7285.12793,7225.449219,7264.976074,138054800
2/12/2024,7297.668945,7306.158203,7250.310059,7268.334961,178661300
2/13/2024,7209.741211,7301.587891,7197.827148,7301.587891,128287400
2/15/2024,7303.280762,7365.682129,7298.481934,7337.630859,184420400
2/16/2024,7335.544922,7370.569824,7314.882813,7337.815918,146427800
2/19/2024,7296.702148,7339.755859,7277.537109,7323.312012,151238000
2/20/2024,7352.601074,7354.10791,7309.498047,7320.723145,129972000
2/21/2024,7349.020996,7370.881836,7286.669922,7345.791016,152570100
2/22/2024,7339.63623,7365.76123,7321.522949,7334.952148,154523800
2/23/2024,7295.095215,7340.189941,7262.100098,7326.526855,146259500
2/26/2024,7283.823242,7295.14209,7252.28418,7277.640137,147080400
2/27/2024,7285.316895,7292.931152,7255.124023,7263.987793,183851000
2/28/2024,7328.63623,7328.73877,7289.257813,7292.075195,220356500
2/29/2024,7316.11084,7337.922852,7289.341797,7326.803223,230050900
3/1/2024,7311.907227,7331.315918,7269.894043,7318.666016,134622000
3/4/2024,7276.749023,7328.384766,7259.780762,7318.832031,168064100
3/5/2024,7247.459961,7305.446777,7238.338867,7296.53418,152811800
3/6/2024,7329.800781,7331.081055,7248.527832,7252.084961,180285900
3/7/2024,7373.963867,7386.874023,7334.308105,7338.731934,193312700
3/8/2024,7381.907227,7416.433105,7376.155762,7398.429199,125243200
3/13/2024,7421.207031,7441.616211,7392.01123,7422.301758,135225800
3/14/2024,7433.314941,7454.448242,7380.647949,7405.566895,129206200
3/15/2024,7328.054199,7416.338867,7308.035156,7408.658203,231480500
3/18/2024,7302.449219,7358.550781,7300.940918,7338.076172,155334600
3/19/2024,7336.746094,7361.529785,7314.180176,7320.538086,137594400
3/20/2024,7331.12793,7343.459961,7295.350098,7303.929199,169731600
3/21/2024,7338.353027,7396.471191,7336.595215,7360.558105,139792200
3/22/2024,7350.151855,7350.151855,7318.436035,7327.51416,123735900
3/25/2024,7377.759766,7377.759766,7316.929199,7339.523926,124315600
3/26/2024,7365.664063,7371.844238,7330.463867,7337.661133,138442500
3/27/2024,7310.091797,7375.399902,7292.797852,7364.230957,125276700
3/28/2024,7288.812988,7313.01416,7244.954102,7289.158203,124084200
4/1/2024,7205.061035,7295.00293,7137.463867,7286.11377,124345600
4/2/2024,7236.983887,7236.983887,7153.938965,7199.124023,127711500
4/3/2024,7166.844238,7226.353027,7158.740234,7214.02002,111040300
4/4/2024,7254.398926,7254.398926,7165.831055,7170.719238,108900300
4/5/2024,7286.881836,7298.858887,7239.273926,7245.321777,94886600
4/16/2024,7164.807129,7188.088867,7066.573242,7130.62793,175642500
4/17/2024,7130.84082,7234.374023,7130.84082,7199.830078,143541300
4/18/2024,7166.813965,7180.559082,7135.52002,7151.737793,129376600
4/19/2024,7087.316895,7141.581055,7036.206055,7131.455078,150694500
4/22/2024,7073.819824,7117.023926,7026.477051,7099.51709,121595900
4/23/2024,7110.812988,7165.954102,7099.841797,7102.808105,172892100
4/24/2024,7174.533203,7191.176758,7126.850098,7127.047852,154056000
4/25/2024,7155.293945,7177.064941,7132.102051,7167.983887,140400000
4/26/2024,7036.075195,7149.253906,7036.075195,7137.934082,137603900
4/29/2024,7155.78418,7155.78418,7021.492188,7021.492188,129998600
4/30/2024,7234.196777,7266.868164,7179.685059,7187.414063,156560600
5/2/2024,7117.424805,7232.952148,7072.474121,7227.60791,145628700
5/3/2024,7134.724121,7165.102051,7094.616211,7142.86377,159524500
5/6/2024,7135.890137,7178.76709,7102.685059,7171.589844,164988900
5/7/2024,7123.611816,7159.76709,7108.175781,7136.852051,148490800
5/8/2024,7088.794922,7164.308105,7071.345215,7129.456055,147871800
5/13/2024,7099.26123,7111.599121,7052.22998,7061.373047,134590500
5/14/2024,7083.763184,7136.640137,7071.501953,7095.521973,137468100
5/15/2024,7179.831055,7192.14502,7082.118164,7085.378906,139854300
5/16/2024,7246.695801,7270.756836,7201.915039,7203.169922,154713600
5/17/2024,7317.237793,7356.714844,7245.195801,7249.727051,181505100
5/20/2024,7266.690918,7374.546875,7243.012207,7329.399902,158071100
5/21/2024,7186.037109,7295.056152,7179.528809,7258.411133,135589400
5/22/2024,7222.381836,7239.861816,7191.105957,7198.192871,135720300
5/27/2024,7176.419922,7256.184082,7171.48584,7219.981934,190885600
5/28/2024,7253.625977,7308.137207,7228.411133,7228.507813,166427200
5/29/2024,7140.229004,7282,7127.208984,7275.529785,144619600
5/30/2024,7034.14209,7134.707031,6984.979004,7125.771973,177693800
5/31/2024,6970.73584,7102.219238,6959.227051,7076.373047,269684600
6/3/2024,7036.190918,7088.400879,6993.094238,7030.207031,141774800
6/4/2024,7099.312012,7149.192871,7065.03418,7071.094238,160663800
6/5/2024,6947.669922,7118.349121,6934.942871,7114.535156,137116300
6/6/2024,6974.896973,7032.574219,6939.545898,6992.562988,129986000
6/7/2024,6897.950195,6994.115234,6887.812012,6987.793945,109886700
6/10/2024,6921.547852,6929.097168,6846.380859,6910.720215,228419200
6/11/2024,6855.690918,6932.461914,6855.690918,6900.310059,150124200
6/12/2024,6850.097168,6866.266113,6821.507813,6859.349121,165086100
6/13/2024,6831.563965,6896.652832,6831.563965,6893.84082,154352200
6/14/2024,6734.832031,6840.196777,6713.271973,6829.993164,143790500
6/19/2024,6726.918945,6791.526855,6698.848145,6739.89502,215680300
6/20/2024,6819.320801,6825.555176,6728.401855,6751.23584,138884000
6/21/2024,6879.978027,6945.833984,6823.062012,6838.478027,202168500
6/24/2024,6889.165039,6914.812012,6870.305176,6877.467773,113953400
6/25/2024,6882.704102,6890.442871,6843.646973,6874.867188,103645300
6/26/2024,6905.64209,6936.262207,6885.402832,6885.815918,111785600
6/27/2024,6967.951172,6968.13623,6915.830078,6929.14502,85223100
6/28/2024,7063.577148,7084.623047,6987.800781,6989.374023,104714500
7/1/2024,7139.625977,7139.625977,7075.375,7076.625977,108297900
7/2/2024,7125.14209,7176.869141,7099.049805,7149.043945,121880100
7/3/2024,7196.754883,7196.754883,7126.814941,7153.766113,126775400
7/4/2024,7220.88916,7262.837891,7204.438965,7212.703125,158574300
7/5/2024,7253.37207,7275.937988,7213.390137,7248.723145,130902100
7/8/2024,7250.977051,7265.083984,7215.467773,7261.98291,160069900
7/9/2024,7269.800781,7302.941895,7239.638184,7254.157227,136101900
7/10/2024,7287.041992,7313.200195,7272.12207,7283.188965,214279500
7/11/2024,7300.407227,7328.269043,7274.062012,7302.504883,146390900
7/12/2024,7327.580078,7354.163086,7300.745117,7336.483887,130722300
7/15/2024,7278.862793,7346.104004,7252.811035,7336.308105,107422000
7/16/2024,7224.292969,7294.791992,7213.28418,7289.809082,107863200
7/17/2024,7224.217773,7265.086914,7207.583008,7261.220215,218209000
7/18/2024,7321.070801,7330.808105,7220.096191,7231.72998,146217900
7/19/2024,7294.495117,7315.13916,7249.816895,7304.278809,125286800
7/22/2024,7321.976074,7341.908203,7301.418945,7316.248047,140918600
7/23/2024,7313.856934,7347.01709,7293.309082,7336.276855,251719000
7/24/2024,7262.758789,7311.151855,7249.276855,7298.507813,149278800
7/25/2024,7240.276855,7268.046875,7207.817871,7264.213867,125922000
7/26/2024,7288.166992,7298.956055,7256.53418,7262.129883,128745600
7/29/2024,7288.896973,7333.898926,7274.25293,7304.598145,131946800
7/30/2024,7241.86377,7292.555176,7226.782227,7283.916992,124088300
7/31/2024,7255.762207,7275.186035,7226.496094,7251.804199,140459400
8/1/2024,7325.984863,7325.984863,7258.874023,7274.51709,119012300
8/2/2024,7308.123047,7337.980957,7264.007813,7304.085938,130681400
8/5/2024,7059.652832,7257.476074,6998.811035,7254.612793,196047200
8/6/2024,7129.214844,7167.259766,7066.500977,7098.672852,122457600
8/7/2024,7212.130859,7246.257813,7147.292969,7149.508789,128572200
8/8/2024,7195.121094,7234.446777,7181.766113,7212.741211,125248900
8/9/2024,7256.996094,7267.421875,7219.922852,7219.983887,112712600
8/12/2024,7297.625,7297.625,7230.785156,7265.150879,156405500
8/13/2024,7356.638184,7366.650879,7286.549805,7316.428223,146066800
8/14/2024,7436.039063,7445.664063,7372.891113,7377.006836,168060500
8/15/2024,7409.500977,7460.387207,7386.736816,7442.910156,150416800
8/16/2024,7432.089844,7459.749023,7417.207031,7443.935059,151268200
8/19/2024,7466.831055,7466.831055,7420.375977,7428.741211,138674400
8/20/2024,7533.984863,7538.157227,7482.504883,7490.319824,183613200
8/21/2024,7554.592773,7594.546875,7543.63916,7563.082031,199930800
8/22/2024,7488.675781,7540.272949,7460.403809,7531.347168,140745300
8/23/2024,7544.297852,7567.51416,7507.737793,7510.664063,128771000
8/26/2024,7606.194824,7619.902832,7549.412109,7549.412109,142108800
8/27/2024,7597.880859,7610.201172,7547.263184,7598.463867,141150100
8/28/2024,7658.875,7672.287109,7581.048828,7604.327148,152042100
8/29/2024,7627.604004,7715.758789,7627.604004,7679.527832,153940300
8/30/2024,7670.73291,7673.182129,7616.345215,7642.778809,194479000
9/2/2024,7694.529785,7726.187988,7669.921875,7686.539063,156165700
9/3/2024,7616.520996,7726.662109,7598.469238,7706.650879,165704700
9/4/2024,7672.895996,7672.895996,7546.048828,7577.096191,147636500
9/5/2024,7681.042969,7722.225098,7650.804199,7679.648926,137717400
9/6/2024,7721.846191,7754.475098,7683.704102,7684.812012,122729500
9/9/2024,7702.73877,7748.325195,7654.725098,7729.254883,138539000
9/10/2024,7761.388184,7764.779785,7723.300781,7725.283203,196539800
9/11/2024,7760.955078,7802.476074,7736.780762,7770.268066,171932600
9/12/2024,7798.153809,7833.271973,7782.016113,7782.016113,252749100
9/13/2024,7812.130859,7828.96582,7775.63623,7805.689941,162457200
9/17/2024,7831.778809,7854.018066,7802.27002,7832.524902,216113800
9/18/2024,7829.134766,7879.043945,7818.959961,7845.813965,241800200
9/19/2024,7905.390137,7910.556152,7853.353027,7858.112793,259454000
9/20/2024,7743.003906,7904.513184,7738.320801,7904.39502,317741900
9/23/2024,7775.730957,7775.730957,7675.291016,7743.201172,260227800
9/24/2024,7778.491211,7810.540039,7717.838867,7774.556152,182808900
9/25/2024,7740.901855,7760.883789,7633.446777,7747.85498,276661800
9/26/2024,7744.516113,7763.081055,7673.047852,7723.097168,202756700
9/27/2024,7696.916016,7736.916016,7663.476074,7713.799805,190512300
9/30/2024,7527.929199,7679.242188,7527.929199,7674.286133,222223500
10/1/2024,7642.132813,7642.132813,7547.11084,7551.461914,206962900
10/2/2024,7563.262207,7619.104004,7501.459961,7601.737793,315317300
10/3/2024,7543.828125,7581.333984,7504.407227,7567.449219,189365800
10/4/2024,7496.09082,7549.23291,7467.795898,7531.791992,223945300
10/7/2024,7504.134766,7540.23584,7450.198242,7493.657227,235809600
10/8/2024,7557.14209,7592.883789,7449.479004,7486.721191,194830700
10/9/2024,7501.285156,7595.576172,7501.216797,7556.555176,169190500
10/10/2024,7480.080078,7528.953125,7467.818848,7501.869141,157952700
10/11/2024,7520.602051,7549.541016,7506.275879,7520.529785,159472100
10/14/2024,7559.654785,7570.26709,7518.812988,7518.812988,205872100
10/15/2024,7626.951172,7635.043945,7573.452148,7579.045898,218732600
10/16/2024,7648.939941,7658.397949,7616.604004,7645.211914,197424300
10/17/2024,7735.039063,7758.669922,7657.721191,7661.073242,224594300
10/18/2024,7760.060059,7790.710938,7718.676758,7762.151855,234291900
10/21/2024,7772.596191,7795.086914,7739.887207,7780.245117,246855900
10/22/2024,7788.98291,7801.403809,7731.960938,7752.383789,286785700
10/23/2024,7787.564941,7805.916992,7761.251953,7774.009766,269650200
10/24/2024,7716.548828,7794.862793,7716.548828,7778.655762,242869700
10/25/2024,7694.660156,7752.250977,7678.178223,7717.425781,205788500
10/28/2024,7634.630859,7714.73877,7599.621094,7705.873047,197205700
10/29/2024,7606.600098,7666.430176,7587.209961,7625.467773,182774700
10/30/2024,7569.850098,7581.90918,7521.734863,7558.795898,168203300
10/31/2024,7574.019043,7617.362793,7558.683105,7569.719238,203290200
11/1/2024,7505.256836,7583.687988,7485.457031,7573.793945,155270800
11/4/2024,7479.50293,7529.703125,7415.809082,7505.11084,212287900
11/5/2024,7491.931152,7496.996094,7451.547852,7474.452148,182653900
11/6/2024,7383.868164,7506.601074,7363.030762,7495.130859,235788800
11/7/2024,7243.859863,7381.757813,7243.859863,7373.566895,204087800
11/8/2024,7287.190918,7350.361816,7263.961914,7263.961914,148863600
11/11/2024,7266.459961,7282.195801,7182.312012,7259.290039,221004900
11/12/2024,7321.98584,7344.074219,7268.608887,7271.173828,287694700
11/13/2024,7308.670898,7370.393066,7304.873047,7344.007813,226286700
11/14/2024,7214.561035,7318.775879,7214.561035,7303.900879,209423400
11/15/2024,7161.257813,7241.65918,7122.675781,7192.208984,213100000
11/18/2024,7134.276855,7174.75293,7118.869141,7152.076172,191734000
11/19/2024,7195.714844,7229.831055,7136.690918,7140.194824,205098000
11/20/2024,7180.334961,7229.706055,7171.265137,7213.995117,164074200
11/21/2024,7140.912109,7209.35791,7140.912109,7168.326172,155717100
11/22/2024,7195.564941,7215.687012,7154.452148,7154.682129,205841500
11/25/2024,7314.10791,7329.492188,7218.828125,7218.952148,264819900
11/26/2024,7245.888184,7341.595215,7245.888184,7329.532227,164096700
11/28/2024,7200.157227,7249.692871,7195.667969,7215.907227,178995100
11/29/2024,7114.266113,7189.128906,7107.28418,7168.003906,218431100
12/2/2024,7046.98584,7153.029785,7041.341797,7117.753906,163941100
12/3/2024,7196.01709,7196.01709,7102.216797,7104.930176,176316700
12/4/2024,7326.76416,7328.324219,7187.478027,7198.098145,166379200
12/5/2024,7313.312988,7338.604004,7283.5,7326.023926,131417800
12/6/2024,7382.785156,7382.809082,7287.596191,7302.665039,130161700
12/9/2024,7437.730957,7440.979004,7380.660156,7382.61377,230130900
12/10/2024,7453.287109,7457.805176,7396.790039,7448.768066,203350400
12/11/2024,7464.751953,7530.559082,7444.173828,7444.858887,235486300
12/12/2024,7394.237793,7470.894043,7380.026855,7441.973145,147665300
12/13/2024,7324.789063,7399.896973,7324.789063,7379.750977,120050700
12/16/2024,7258.630859,7320.794922,7204.653809,7304.217773,186546900
12/17/2024,7157.731934,7263.314941,7132.057129,7238.173828,157427600
12/18/2024,7107.875,7216.882813,7105.067871,7168.966797,122373300
12/19/2024,6977.237793,7040.548828,6951.051758,7034.617188,170862900
12/20/2024,6983.865234,7032.400879,6931.581055,6980.174805,145749700
12/23/2024,7096.444824,7096.444824,7035.727051,7037.529785,138664700
12/24/2024,7065.746094,7120.576172,7063.754883,7115.637207,110632900
12/27/2024,7036.570801,7100.27002,7024.714844,7073.375,144277600
12/30/2024,7079.904785,7079.904785,6993.071777,7026.776855,159672400
1/2/2025,7163.205078,7163.205078,7088.319824,7092.429199,161752600
1/3/2025,7164.429199,7197.007813,7135.275879,7177.25,182944400
1/6/2025,7080.474121,7182.019043,7073.954102,7176.116211,192190300
1/7/2025,7083.28418,7103.185059,7029.512207,7074.259766,144709900
1/8/2025,7080.352051,7129.293945,7046.169922,7099.658203,147124800
1/9/2025,7064.587891,7106.458008,7062.095215,7093.253906,148465600
1/10/2025,7088.866211,7121.628906,7074.144043,7076.904785,166170500
1/13/2025,7016.878906,7089.569824,6986.592773,7076.698242,149887800
1/14/2025,6956.665039,7042.331055,6956.665039,7014.798828,151037100
1/15/2025,7079.562012,7084.564941,6977.772949,6992.848145,173538400
1/16/2025,7107.519043,7190.611816,7071.911133,7165.175781,144790100
1/17/2025,7154.658203,7178.814941,7084.297852,7115.053223,197761000
1/20/2025,7170.736816,7201.606934,7165.443848,7188.401855,183080100
1/21/2025,7181.819824,7221.730957,7176.332031,7207.594238,176177100
1/22/2025,7257.12793,7267.486816,7223.255859,7227.021973,146457400
1/23/2025,7232.643066,7324.625977,7232.643066,7275.000977,142025900
1/24/2025,7166.056152,7261.448242,7166.056152,7255.022949,122224300
1/30/2025,7073.478027,7150.292969,7042.687988,7142.787109,156862200
1/31/2025,7109.195801,7174.745117,7095.678223,7113.575195,125561900
2/3/2025,7030.058105,7089.696777,6933.143066,7087.751953,135419500
2/4/2025,7073.458984,7125.942871,7037.625,7051.484863,250749100
2/5/2025,7024.228027,7079.461914,7002.520996,7071.577148,247130700
2/6/2025,6875.536133,7033.619141,6830.111816,7030.188965,170868800
2/7/2025,6742.576172,6769.780762,6656.724121,6758.104004,152142600
2/10/2025,6648.14209,6713.952148,6585.984863,6681.233887,153503000
2/11/2025,6531.990234,6658.230957,6500.463867,6629.814941,146025200
2/12/2025,6645.777832,6645.777832,6537.476074,6540.946777,141288200
2/13/2025,6613.567871,6647.10498,6565.776855,6637.419922,126053300
2/14/2025,6638.458984,6679.396973,6609.670898,6640.130859,121300000
2/17/2025,6830.881836,6830.881836,6658.220215,6663.305176,136644900
2/18/2025,6873.554199,6908.700195,6830.775879,6847.766113,158584300
2/19/2025,6794.868164,6886.922852,6773.907227,6877.157227,159932500
2/20/2025,6788.041992,6836.723145,6755.430176,6796.669922,168907900
2/21/2025,6803.000977,6814.866211,6758.353027,6788.895996,131140300
2/24/2025,6749.601074,6818.793945,6732.40918,6801.675781,156247700
2/25/2025,6587.086914,6772.649902,6576.969238,6749.437012,194167900
2/26/2025,6606.178223,6682.869141,6547.241211,6627.020996,135195100
2/27/2025,6485.448242,6626.259766,6443.220215,6609.888184,156489700
2/28/2025,6270.597168,6447.882813,6246.278809,6446.644043,196893700
3/3/2025,6519.658203,6570.951172,6347.095215,6362.148926,170810200
3/4/2025,6380.400879,6528.969238,6361.403809,6524.701172,149084200
3/5/2025,6531.398926,6570.819824,6404.688965,6404.688965,143533500
3/6/2025,6617.847168,6667.893066,6573.798828,6577.845215,138941500
3/7/2025,6636,6682.937988,6577.832031,6631.311035,198389400
3/10/2025,6598.211914,6629.441895,6568.125977,6618.916992,153564400
3/11/2025,6545.850098,6567.584961,6499.041016,6535.870117,150016300
3/12/2025,6665.044922,6665.044922,6566.203125,6566.798828,139690400
3/13/2025,6647.416992,6707.38623,6618.539063,6700.106934,139851000
3/14/2025,6515.630859,6632.078125,6514.691895,6623.690918,122970500
3/17/2025,6471.946777,6557.410156,6445.975098,6490.670898,126321100
3/18/2025,6223.388184,6465.224121,6011.841797,6458.666016,233069600
3/19/2025,6311.660156,6332.734863,6147.425781,6221.195801,126795800
3/20/2025,6381.673828,6446.88916,6353.693848,6372.61084,146168800
3/21/2025,6258.179199,6426.165039,6218.601074,6418.390137,190225100
3/24/2025,6161.217773,6269.903809,5967.193848,6242.234863,124187900
3/25/2025,6235.619141,6265.295898,6178.490234,6197.986816,111267000
3/26/2025,6472.355957,6489.148926,6312.966797,6314.329102,159762700
3/27/2025,6510.620117,6510.620117,6417.240234,6462.596191,121855500
4/8/2025,5996.14209,6036.554199,5882.60498,5914.288086,184790800
4/9/2025,5967.987793,6092.412109,5949.601074,5978.440918,150044400
4/10/2025,6254.023926,6310.825195,6188.669922,6270.61084,181443500
4/11/2025,6262.226074,6298.777832,6148.775879,6195.567871,117642700
4/14/2025,6368.51709,6404.069824,6225.336914,6225.336914,149701700
4/15/2025,6441.683105,6497.532227,6395.926758,6444.341797,147079600
4/16/2025,6400.054199,6469.597168,6373.790039,6461.273926,142022700
4/17/2025,6438.269043,6438.269043,6384.285156,6407.020996,131124200
4/21/2025,6445.966797,6472.538086,6406.803223,6450.313965,108855100
4/22/2025,6538.266113,6538.321777,6428.10498,6455.079102,150312500
4/23/2025,6634.376953,6642.915039,6588.256836,6589.327148,184488000
4/24/2025,6613.478027,6697.900879,6585.456055,6671.067871,159090300
4/25/2025,6678.915039,6683.36084,6640.777832,6660.619141,169030400
4/28/2025,6722.96582,6738.352051,6688.779785,6716.214844,164549400
4/29/2025,6749.075195,6763.887207,6724.317871,6748.987793,193012300
4/30/2025,6766.794922,6791.25293,6725.966797,6755.463867,210149800
5/2/2025,6815.72998,6818.279785,6765.831055,6811.109863,183083600
5/5/2025,6831.952148,6879.108887,6824.396973,6844.371094,194998400
5/6/2025,6898.196777,6913.687988,6858.150879,6860.445801,162346800
5/7/2025,6926.225098,6970.5,6909.960938,6925.251953,187668100
5/8/2025,6827.75,6965.934082,6824.649902,6945.983887,260892400
5/9/2025,6832.803223,6882.317871,6811.772949,6849.449219,164380000
5/14/2025,6979.879883,6987.780762,6914.753906,6915.957031,272470100
5/15/2025,7040.161133,7076.736816,7002.371094,7003.146973,343582300
5/16/2025,7106.525879,7106.525879,7009.846191,7092.234863,239677400
5/19/2025,7141.09082,7160.65918,7085.973145,7113.442871,227261200
5/20/2025,7094.602051,7202.816895,7088.623047,7164.146973,219667500
5/21/2025,7142.460938,7170.724121,7109.221191,7114.699219,228188900
5/22/2025,7166.980957,7190.668945,7136.78418,7165.100098,201247200
5/23/2025,7214.163086,7223.25293,7177.245117,7206.35791,152151100
5/26/2025,7188.353027,7240.083984,7129.388184,7231.477051,331040000
5/27/2025,7198.966797,7212.568848,7162.960938,7204.171875,245398700
5/28/2025,7175.818848,7237.34082,7166.678223,7223.513184,277488600
6/2/2025,7065.068848,7152.912109,7035.837891,7134.486816,240143000
6/3/2025,7044.821777,7090.351074,6994.155762,7071.638184,199730400
6/4/2025,7069.037109,7094.446777,7052.914063,7083.23877,232777400
6/5/2025,7113.424805,7136.643066,7083.89209,7100.23584,193147800
6/10/2025,7230.745117,7230.745117,7133.378906,7136.862793,265169800
6/11/2025,7222.456055,7239.955078,7172.203125,7232.681152,262581600
6/12/2025,7204.370117,7237.274902,7191.904785,7219.561035,281607200
6/13/2025,7166.064941,7192.663086,7149.609863,7191.124023,230230400
6/16/2025,7117.59082,7211.543945,7117.59082,7158.903809,224577700
6/17/2025,7155.852051,7181.466797,7143.604004,7163.026855,173034400
6/18/2025,7107.789063,7166.667969,7089.455078,7155.124023,180387400
6/19/2025,6968.63916,7115.903809,6935.009766,7107.786133,222226000
6/20/2025,6907.138184,6956.805176,6873.71582,6948.28418,331625100
6/23/2025,6787.140137,6834.769043,6745.146973,6833.475098,226947900
6/24/2025,6869.170898,6924.969238,6852.112793,6864.278809,186087300
6/25/2025,6832.143066,6918.783203,6814.73584,6908.924805,170914900
6/26/2025,6897.399902,6897.399902,6817.411133,6842.012207,154075100
6/30/2025,6927.679199,6949.279785,6876.258789,6936.064941,167652600
7/1/2025,6915.359863,6971.23877,6885.138184,6954.38623,149285200
7/2/2025,6881.245117,6905.369141,6838.403809,6896.421875,182041600
7/3/2025,6878.050781,6922.733887,6877.437988,6898.630859,154435700
7/4/2025,6865.191895,6916.673828,6843.690918,6893.217773,132824800
7/7/2025,6900.932129,6900.932129,6844.86084,6874.007813,120827500
7/8/2025,6904.39209,6916.833008,6885.282227,6892.34082,151801800
7/9/2025,6943.921875,6943.921875,6907.212891,6918.699219,157353100
7/10/2025,7005.371094,7013.629883,6955.455078,6968.797852,167684600
7/11/2025,7047.437988,7055.794922,7026.487793,7036.295898,165301900
7/14/2025,7097.150879,7136.295898,7071.344238,7130.535156,205642100
7/15/2025,7140.474121,7161.835938,7079,7122.083008,199389400
7/16/2025,7192.018066,7216.813965,7142.861816,7182.64502,227976400
7/17/2025,7287.020996,7291.563965,7226.117188,7229.259766,202116700
7/18/2025,7311.915039,7401.579102,7311.915039,7346.037109,273828000
7/21/2025,7398.191895,7408.012207,7306.87207,7366.310059,287814600
7/22/2025,7344.73584,7457.380859,7344.73584,7440.286133,279326600
7/23/2025,7469.22998,7469.22998,7354.996094,7378.230957,247067700
7/24/2025,7530.901855,7568.223145,7478.36377,7485.082031,242813700
7/25/2025,7543.50293,7552.774902,7515.125,7542.375,215990900
7/28/2025,7614.768066,7669.445801,7614.768066,7630.751953,229532300
7/29/2025,7617.907227,7680.194824,7565.788086,7625.792969,230535000
7/30/2025,7549.888184,7667.556152,7528.128906,7642.25,282476700
7/31/2025,7484.336914,7566.751953,7476.380859,7551.244141,325693000
8/1/2025,7537.768066,7579.605957,7523.620117,7545.151855,257331800
8/4/2025,7464.64502,7560.056152,7448.040039,7552.496094,266636100
8/5/2025,7515.185059,7546.939941,7463.058105,7502.694824,246898000
8/6/2025,7503.75,7549.265137,7502.01123,7534.446777,260371600
8/7/2025,7490.183105,7580.549805,7490.183105,7546.335938,278225900
8/8/2025,7533.384766,7648.902832,7516.977051,7639.192871,234779100
8/11/2025,7605.924805,7630.106934,7559.347168,7589.463867,238319300
8/12/2025,7791.696777,7800.831055,7646.911133,7666.089844,272446300
8/13/2025,7892.911133,7903.053223,7835.301758,7846.124023,323979600
8/14/2025,7931.250977,7973.980957,7905.547852,7909.016113,361821900
8/15/2025,7898.375,8017.067871,7898.373047,7967.772949,346947400
8/19/2025,7862.949219,7931.758789,7854.095215,7905.345215,358268400
8/20/2025,7943.825195,7952.341797,7863.861816,7874.895996,374993100
8/21/2025,7890.714844,7932.305176,7848.882813,7903.290039,341447000
8/22/2025,7858.851074,7913.387207,7858.851074,7910.099121,320227000
8/25/2025,7926.907227,7951.978027,7915.054199,7921.020996,376267300
8/26/2025,7905.756836,7978.066895,7881.208984,7971.787109,504946100
8/27/2025,7936.175781,7945.444824,7894.758789,7923.00293,357580800
8/28/2025,7952.087891,8022.757813,7941.938965,7951.865234,399326600
8/29/2025,7830.493164,7913.859863,7765.596191,7899.887207,481348100
9/1/2025,7736.065918,7783.417969,7547.563965,7620.099121,358661000
9/2/2025,7801.584961,7842.298828,7771.333984,7771.333984,347812700
9/3/2025,7885.862793,7911.618164,7840.750977,7843.631836,351685500
9/4/2025,7867.348145,7899.795898,7855.742188,7873.842773,362349800
